Date,File_Path,Caption
2026-03-24 09:04:53+00:00,downloads/2026-03/photo_2026-03-24_09-04-53.jpg,**Dark color**   Contact us Phone 📞 :- +251927686868 Telegram 💬 :- @ClothCity_Chat  📍አድራሻ: ቁጥር 1 መሃል ፒያሳ          ቁጥር 2 አራት ኪሎ          ቁጥር 3 ፍየል ቤት
2026-03-24 09:02:35+00:00,downloads/2026-03/photo_2026-03-24_09-02-35.jpg,**Linen-Blend Drawstring Trousers**  Contact us Phone 📞 :- +251927686868 Telegram 💬 :- @ClothCity_Chat  📍አድራሻ: ቁጥር 1 መሃል ፒያሳ          ቁጥር 2 አራት ኪሎ          ቁጥር 3 ፍየል ቤት
2026-03-24 08:59:28+00:00,downloads/2026-03/photo_2026-03-24_08-59-28.jpg,**Dark navy blue color**  Contact us Phone 📞 :- +251927686868 Telegram 💬 :- @ClothCity_Chat  📍አድራሻ: ቁጥር 1 መሃል ፒያሳ          ቁጥር 2 አራት ኪሎ          ቁጥር 3 ፍየል ቤት
2026-01-21 09:58:58+00:00,downloads/2026-01/photo_2026-01-21_09-58-58.jpg,**Core Corporate Leather Sneaker**   Contact us Phone 📞 :- +251927686868 Telegram 💬 :- @ClothCity_Chat  📍አድራሻ: ቁጥር 1 መሃል ፒያሳ          ቁጥር 2 አራት ኪሎ          ቁጥር 3 ፍየል ቤት
2026-01-21 09:05:58+00:00,downloads/2026-01/photo_2026-01-21_09-05-58.jpg,**Suede Trainer Sneakers**   Contact us Phone 📞 :- +251927686868 Telegram 💬 :- @ClothCity_Chat  📍አድራሻ: ቁጥር 1 መሃል ፒያሳ          ቁጥር 2 አራት ኪሎ          ቁጥር 3 ፍየል ቤት
2026-01-21 08:59:58+00:00,downloads/2026-01/photo_2026-01-21_08-59-58.jpg,**Men's Low-Top Sneakers**  Contact us Phone 📞 :- +251927686868 Telegram 💬 :- @ClothCity_Chat  📍አድራሻ: ቁጥር 1 መሃል ፒያሳ          ቁጥር 2 አራት ኪሎ          ቁጥር 3 ፍየል ቤት
2026-01-19 09:29:58+00:00,downloads/2026-01/photo_2026-01-19_09-29-58.jpg,**New Jeans**   Contact us Phone 📞 :- +251927686868 Telegram 💬 :- @ClothCity_Chat  📍አድራሻ: ቁጥር 1 መሃል ፒያሳ          ቁጥር 2 አራት ኪሎ          ቁጥር 3 ፍየል ቤት
2026-01-19 09:29:58+00:00,downloads/2026-01/photo_2026-01-19_09-29-58 (1).jpg,**New Jeans**   Contact us Phone 📞 :- +251927686868 Telegram 💬 :- @ClothCity_Chat  📍አድራሻ: ቁጥር 1 መሃል ፒያሳ          ቁጥር 2 አራት ኪሎ          ቁጥር 3 ፍየል ቤት
2026-01-19 09:29:58+00:00,downloads/2026-01/photo_2026-01-19_09-29-58 (2).jpg,**New Jeans**   Contact us Phone 📞 :- +251927686868 Telegram 💬 :- @ClothCity_Chat  📍አድራሻ: ቁጥር 1 መሃል ፒያሳ          ቁጥር 2 አራት ኪሎ          ቁጥር 3 ፍየል ቤት
2026-01-19 09:29:58+00:00,downloads/2026-01/photo_2026-01-19_09-29-58 (3).jpg,**New Jeans**   Contact us Phone 📞 :- +251927686868 Telegram 💬 :- @ClothCity_Chat  📍አድራሻ: ቁጥር 1 መሃል ፒያሳ          ቁጥር 2 አራት ኪሎ          ቁጥር 3 ፍየል ቤት
2026-01-17 09:05:58+00:00,downloads/2026-01/photo_2026-01-17_09-05-58.jpg,**Gurkha-style trousers**   Contact us Phone 📞 :- +251927686868 Telegram 💬 :- @ClothCity_Chat  📍አድራሻ: ቁጥር 1 መሃል ፒያሳ          ቁጥር 2 አራት ኪሎ          ቁጥር 3 ፍየል ቤት
2026-01-17 09:02:58+00:00,downloads/2026-01/photo_2026-01-17_09-02-58.jpg,**Gurkha-style trousers**   Contact us Phone 📞 :- +251927686868 Telegram 💬 :- @ClothCity_Chat  📍አድራሻ: ቁጥር 1 መሃል ፒያሳ          ቁጥር 2 አራት ኪሎ          ቁጥር 3 ፍየል ቤት
2026-01-15 09:02:58+00:00,downloads/2026-01/photo_2026-01-15_09-02-58.jpg,**Gurkha-style trousers**   Contact us Phone 📞 :- +251927686868 Telegram 💬 :- @ClothCity_Chat  📍አድራሻ: ቁጥር 1 መሃል ፒያሳ          ቁጥር 2 አራት ኪሎ          ቁጥር 3 ፍየል ቤት
2026-01-15 09:01:58+00:00,downloads/2026-01/photo_2026-01-15_09-01-58.jpg,**Gurkha-style trousers**   Contact us Phone 📞 :- +251927686868 Telegram 💬 :- @ClothCity_Chat  📍አድራሻ: ቁጥር 1 መሃል ፒያሳ          ቁጥር 2 አራት ኪሎ          ቁጥር 3 ፍየል ቤት
2026-01-15 09:01:58+00:00,downloads/2026-01/photo_2026-01-15_09-01-58 (1).jpg,**Gurkha-style trousers**   Contact us Phone 📞 :- +251927686868 Telegram 💬 :- @ClothCity_Chat  📍አድራሻ: ቁጥር 1 መሃል ፒያሳ          ቁጥር 2 አራት ኪሎ          ቁጥር 3 ፍየል ቤት
2026-01-12 13:58:01+00:00,downloads/2026-01/photo_2026-01-12_13-58-01.jpg,**Aldo Suede Chukka Boots**   Contact us Phone 📞 :- +251927686868 Telegram 💬 :- @ClothCity_Chat  📍አድራሻ: ቁጥር 1 መሃል ፒያሳ          ቁጥር 2 አራት ኪሎ          ቁጥር 3 ፍየል ቤት
2026-01-12 13:54:01+00:00,downloads/2026-01/photo_2026-01-12_13-54-01.jpg,**Loro Piana Summer Walk loafers**  Contact us Phone 📞 :- +251927686868 Telegram 💬 :- @ClothCity_Chat  📍አድራሻ: ቁጥር 1 መሃል ፒያሳ          ቁጥር 2 አራት ኪሎ          ቁጥር 3 ፍየል ቤት
2026-01-10 18:15:10+00:00,downloads/2026-01/photo_2026-01-10_18-15-10.jpg,brown suede Chelsea boots.   Contact us Phone 📞 :- +251927686868 Telegram 💬 :- @ClothCity_Chat  📍አድራሻ: ቁጥር 1 መሃል ፒያሳ          ቁጥር 2 አራት ኪሎ          ቁጥር 3 ፍየል ቤት
2026-01-09 13:48:01+00:00,downloads/2026-01/photo_2026-01-09_13-48-01.jpg,**Grey Perforated Suede Loafer**  Contact us Phone 📞 :- +251927686868 Telegram 💬 :- @ClothCity_Chat  📍አድራሻ: ቁጥር 1 መሃል ፒያሳ          ቁጥር 2 አራት ኪሎ          ቁጥር 3 ፍየል ቤት
2026-01-09 13:47:01+00:00,downloads/2026-01/photo_2026-01-09_13-47-01.jpg,**Black Cap-Toe Oxford**   Contact us Phone 📞 :- +251927686868 Telegram 💬 :- @ClothCity_Chat  📍አድራሻ: ቁጥር 1 መሃል ፒያሳ          ቁጥር 2 አራት ኪሎ          ቁጥር 3 ፍየል ቤት
2026-01-09 13:46:01+00:00,downloads/2026-01/photo_2026-01-09_13-46-01.jpg,**Tommy Hilfiger Corporate Leather Cupsole Sneakers.**   Contact us Phone 📞 :- +251927686868 Telegram 💬 :- @ClothCity_Chat  📍አድራሻ: ቁጥር 1 መሃል ፒያሳ          ቁጥር 2 አራት ኪሎ          ቁጥር 3 ፍየል ቤት
2026-01-09 13:45:13+00:00,downloads/2026-01/photo_2026-01-09_13-45-13.jpg,**Tommy Hilfiger Essential Leather Cupsole Sneakers**   Contact us Phone 📞 :- +251927686868 Telegram 💬 :- @ClothCity_Chat  📍አድራሻ: ቁጥር 1 መሃል ፒያሳ          ቁጥር 2 አራት ኪሎ          ቁጥር 3 ፍየል ቤት
2026-01-09 13:31:01+00:00,downloads/2026-01/photo_2026-01-09_13-31-01.jpg,**bit loafer**   Contact us Phone 📞 :- +251927686868 Telegram 💬 :- @ClothCity_Chat  📍አድራሻ: ቁጥር 1 መሃል ፒያሳ          ቁጥር 2 አራት ኪሎ          ቁጥር 3 ፍየል ቤት
2026-01-08 13:33:29+00:00,downloads/2026-01/photo_2026-01-08_13-33-29.jpg,**Tommy Hilfiger Corporate Cupsole**  Contact us Phone 📞 :- +251927686868 Telegram 💬 :- @ClothCity_Chat  📍አድራሻ: ቁጥር 1 መሃል ፒያሳ          ቁጥር 2 አራት ኪሎ          ቁጥር 3 ፍየል ቤት
2026-01-08 13:29:01+00:00,downloads/2026-01/photo_2026-01-08_13-29-01.jpg,**Tommy Hilfiger Corporate Leather Sneakers**   Contact us Phone 📞 :- +251927686868 Telegram 💬 :- @ClothCity_Chat  📍አድራሻ: ቁጥር 1 መሃል ፒያሳ          ቁጥር 2 አራት ኪሎ          ቁጥር 3 ፍየል ቤት
2026-01-08 13:27:01+00:00,downloads/2026-01/photo_2026-01-08_13-27-01.jpg,**brown suede Chelsea boots**   Contact us Phone 📞 :- +251927686868 Telegram 💬 :- @ClothCity_Chat  📍አድራሻ: ቁጥር 1 መሃል ፒያሳ          ቁጥር 2 አራት ኪሎ          ቁጥር 3 ፍየል ቤት
2026-01-08 13:26:01+00:00,downloads/2026-01/photo_2026-01-08_13-26-01.jpg,Black Embossed Gancini Loafers  Contact us Phone 📞 :- +251927686868 Telegram 💬 :- @ClothCity_Chat  📍አድራሻ: ቁጥር 1 መሃል ፒያሳ          ቁጥር 2 አራት ኪሎ          ቁጥር 3 ፍየል ቤት
2026-01-06 12:32:02+00:00,downloads/2026-01/photo_2026-01-06_12-32-02.jpg,**Black Pebbled Leather Venetian Loafers**   Contact us Phone 📞 :- +251927686868 Telegram 💬 :- @ClothCity_Chat  📍አድራሻ: ቁጥር 1 መሃል ፒያሳ          ቁጥር 2 አራት ኪሎ          ቁጥር 3 ፍየል ቤት
2026-01-06 12:31:01+00:00,downloads/2026-01/photo_2026-01-06_12-31-01.jpg,**Bit Loafers**   Contact us Phone 📞 :- +251927686868 Telegram 💬 :- @ClothCity_Chat  📍አድራሻ: ቁጥር 1 መሃል ፒያሳ          ቁጥር 2 አራት ኪሎ          ቁጥር 3 ፍየል ቤት
2026-01-06 12:17:11+00:00,downloads/2026-01/photo_2026-01-06_12-17-11.jpg,No Caption
2026-01-05 12:29:01+00:00,downloads/2026-01/photo_2026-01-05_12-29-01.jpg,**Corduroy loafers**   Contact us Phone 📞 :- +251927686868 Telegram 💬 :- @ClothCity_Chat  📍አድራሻ: ቁጥር 1 መሃል ፒያሳ          ቁጥር 2 አራት ኪሎ          ቁጥር 3 ፍየል ቤት
2026-01-05 12:29:01+00:00,downloads/2026-01/photo_2026-01-05_12-29-01 (1).jpg,**Navy Blue Suede Penny Loafers**   Contact us Phone 📞 :- +251927686868 Telegram 💬 :- @ClothCity_Chat  📍አድራሻ: ቁጥር 1 መሃል ፒያሳ          ቁጥር 2 አራት ኪሎ          ቁጥር 3 ፍየል ቤት
2026-01-05 12:28:01+00:00,downloads/2026-01/photo_2026-01-05_12-28-01.jpg,**White Perforated Leather Penny Loafers**   Contact us Phone 📞 :- +251927686868 Telegram 💬 :- @ClothCity_Chat  📍አድራሻ: ቁጥር 1 መሃል ፒያሳ          ቁጥር 2 አራት ኪሎ          ቁጥር 3 ፍየል ቤት
2026-01-03 12:27:01+00:00,downloads/2026-01/photo_2026-01-03_12-27-01.jpg,**Suede Penny Loafers**   Contact us Phone 📞 :- +251927686868 Telegram 💬 :- @ClothCity_Chat  📍አድራሻ: ቁጥር 1 መሃል ፒያሳ          ቁጥር 2 አራት ኪሎ          ቁጥር 3 ፍየል ቤት
2026-01-03 12:26:01+00:00,downloads/2026-01/photo_2026-01-03_12-26-01.jpg,**Black Leather Bit Loafers**   Contact us Phone 📞 :- +251927686868 Telegram 💬 :- @ClothCity_Chat  📍አድራሻ: ቁጥር 1 መሃል ፒያሳ          ቁጥር 2 አራት ኪሎ          ቁጥር 3 ፍየል ቤት
2026-01-03 12:25:09+00:00,downloads/2026-01/photo_2026-01-03_12-25-09.jpg,**Bugatti Wingtip Tassel Loafers**   Contact us Phone 📞 :- +251927686868 Telegram 💬 :- @ClothCity_Chat  📍አድራሻ: ቁጥር 1 መሃል ፒያሳ          ቁጥር 2 አራት ኪሎ          ቁጥር 3 ፍየል ቤት
2026-01-02 13:33:35+00:00,downloads/2026-01/photo_2026-01-02_13-33-35.jpg,**Burgundy Polished Leather Chain-Bit Loafers**  Contact us Phone 📞 :- +251927686868 Telegram 💬 :- @ClothCity_Chat  📍አድራሻ: ቁጥር 1 መሃል ፒያሳ          ቁጥር 2 አራት ኪሎ          ቁጥር 3 ፍየል ቤት
2026-01-02 12:14:48+00:00,downloads/2026-01/photo_2026-01-02_12-14-48.jpg,**Brown Perforated Suede Loafers**   Contact us Phone 📞 :- +251927686868 Telegram 💬 :- @ClothCity_Chat  📍አድራሻ: ቁጥር 1 መሃል ፒያሳ          ቁጥር 2 አራት ኪሎ          ቁጥር 3 ፍየል ቤት
2026-01-02 12:12:46+00:00,downloads/2026-01/photo_2026-01-02_12-12-46.jpg,**black bit loafers**   Contact us Phone 📞 :- +251927686868 Telegram 💬 :- @ClothCity_Chat  📍አድራሻ: ቁጥር 1 መሃል ፒያሳ          ቁጥር 2 አራት ኪሎ          ቁጥር 3 ፍየል ቤት
2026-01-02 12:09:27+00:00,downloads/2026-01/photo_2026-01-02_12-09-27.jpg,**Slip-on Loafers  ** Contact us Phone 📞 :- +251927686868 Telegram 💬 :- @ClothCity_Chat  📍አድራሻ: ቁጥር 1 መሃል ፒያሳ          ቁጥር 2 አራት ኪሎ          ቁጥር 3 ፍየል ቤት
2025-12-27 09:18:01+00:00,downloads/2025-12/photo_2025-12-27_09-18-01.jpg,**Ellesse sneakers.**   Contact us Phone 📞 :- +251927686868 Telegram 💬 :- @ClothCity_Chat  📍አድራሻ: ቁጥር 1 መሃል ፒያሳ          ቁጥር 2 አራት ኪሎ          ቁጥር 3 ፍየል ቤት
2025-12-27 09:18:01+00:00,downloads/2025-12/photo_2025-12-27_09-18-01 (1).jpg,**Suede Court Sneaker**   Contact us Phone 📞 :- +251927686868 Telegram 💬 :- @ClothCity_Chat  📍አድራሻ: ቁጥር 1 መሃል ፒያሳ          ቁጥር 2 አራት ኪሎ          ቁጥር 3 ፍየል ቤት
2025-12-25 09:16:01+00:00,downloads/2025-12/photo_2025-12-25_09-16-01.jpg,**Beverly Hills Polo Club sneakers.**   Contact us Phone 📞 :- +251927686868 Telegram 💬 :- @ClothCity_Chat  📍አድራሻ: ቁጥር 1 መሃል ፒያሳ          ቁጥር 2 አራት ኪሎ          ቁጥር 3 ፍየል ቤት
2025-12-25 09:15:06+00:00,downloads/2025-12/photo_2025-12-25_09-15-06.jpg,**Scott Supertrac Speed RC.**   Contact us Phone 📞 :- +251927686868 Telegram 💬 :- @ClothCity_Chat  📍አድራሻ: ቁጥር 1 መሃል ፒያሳ          ቁጥር 2 አራት ኪሎ          ቁጥር 3 ፍየል ቤት
2025-12-25 09:15:06+00:00,downloads/2025-12/photo_2025-12-25_09-15-06 (1).jpg,**Geox Spherica sneakers.**   Contact us Phone 📞 :- +251927686868 Telegram 💬 :- @ClothCity_Chat  📍አድራሻ: ቁጥር 1 መሃል ፒያሳ          ቁጥር 2 አራት ኪሎ          ቁጥር 3 ፍየል ቤት
2025-12-23 09:14:01+00:00,downloads/2025-12/photo_2025-12-23_09-14-01.jpg,**Beverly Hills Polo Club brand.**   Contact us Phone 📞 :- +251927686868 Telegram 💬 :- @ClothCity_Chat  📍አድራሻ: ቁጥር 1 መሃል ፒያሳ          ቁጥር 2 አራት ኪሎ          ቁጥር 3 ፍየል ቤት
2025-12-23 09:13:01+00:00,downloads/2025-12/photo_2025-12-23_09-13-01.jpg,**Beverly Hills Polo Club.**   Contact us Phone 📞 :- +251927686868 Telegram 💬 :- @ClothCity_Chat  📍አድራሻ: ቁጥር 1 መሃል ፒያሳ          ቁጥር 2 አራት ኪሎ          ቁጥር 3 ፍየል ቤት
2025-12-23 09:13:01+00:00,downloads/2025-12/photo_2025-12-23_09-13-01 (1).jpg,**Nike LeBron 20 (LeBron XX)**   Contact us Phone 📞 :- +251927686868 Telegram 💬 :- @ClothCity_Chat  📍አድራሻ: ቁጥር 1 መሃል ፒያሳ          ቁጥር 2 አራት ኪሎ          ቁጥር 3 ፍየል ቤት
2025-12-21 09:12:01+00:00,downloads/2025-12/photo_2025-12-21_09-12-01.jpg,**Scott Supertrac Ultra RC**   Contact us Phone 📞 :- +251927686868 Telegram 💬 :- @ClothCity_Chat  📍አድራሻ: ቁጥር 1 መሃል ፒያሳ          ቁጥር 2 አራት ኪሎ          ቁጥር 3 ፍየል ቤት
2025-12-21 09:12:01+00:00,downloads/2025-12/photo_2025-12-21_09-12-01 (1).jpg,**U.S. Polo Assn. mens white sneakers**  Contact us Phone 📞 :- +251927686868 Telegram 💬 :- @ClothCity_Chat  📍አድራሻ: ቁጥር 1 መሃል ፒያሳ          ቁጥር 2 አራት ኪሎ          ቁጥር 3 ፍየል ቤት
2025-12-21 09:11:01+00:00,downloads/2025-12/photo_2025-12-21_09-11-01.jpg,**green knit sock sneakers**  Contact us Phone 📞 :- +251927686868 Telegram 💬 :- @ClothCity_Chat  📍አድራሻ: ቁጥር 1 መሃል ፒያሳ          ቁጥር 2 አራት ኪሎ          ቁጥር 3 ፍየል ቤት
2025-12-20 09:14:13+00:00,downloads/2025-12/photo_2025-12-20_09-14-13.jpg,**Beverly Hills Polo Club**   Contact us Phone 📞 :- +251927686868 Telegram 💬 :- @ClothCity_Chat  📍አድራሻ: ቁጥር 1 መሃል ፒያሳ          ቁጥር 2 አራት ኪሎ          ቁጥር 3 ፍየል ቤት
2025-12-20 09:13:36+00:00,downloads/2025-12/photo_2025-12-20_09-13-36.jpg,**Jacket **   Contact us Phone 📞 :- +251927686868 Telegram 💬 :- @ClothCity_Chat  📍አድራሻ: ቁጥር 1 መሃል ፒያሳ          ቁጥር 2 አራት ኪሎ          ቁጥር 3 ፍየል ቤት
2025-12-20 09:10:50+00:00,downloads/2025-12/photo_2025-12-20_09-10-50.jpg,**VECTIV Fastpack.**   Contact us Phone 📞 :- +251927686868 Telegram 💬 :- @ClothCity_Chat  📍አድራሻ: ቁጥር 1 መሃል ፒያሳ          ቁጥር 2 አራት ኪሎ          ቁጥር 3 ፍየል ቤት
2025-12-20 09:10:06+00:00,downloads/2025-12/photo_2025-12-20_09-10-06.jpg,**Boggi Milano high-top sneakers**   Contact us Phone 📞 :- +251927686868 Telegram 💬 :- @ClothCity_Chat  📍አድራሻ: ቁጥር 1 መሃል ፒያሳ          ቁጥር 2 አራት ኪሎ          ቁጥር 3 ፍየል ቤት
2025-12-20 09:09:01+00:00,downloads/2025-12/photo_2025-12-20_09-09-01.jpg,**Converse Chuck Taylor All Star**  Contact us Phone 📞 :- +251927686868 Telegram 💬 :- @ClothCity_Chat  📍አድራሻ: ቁጥር 1 መሃል ፒያሳ          ቁጥር 2 አራት ኪሎ          ቁጥር 3 ፍየል ቤት
2025-12-19 15:36:58+00:00,downloads/2025-12/photo_2025-12-19_15-36-58.jpg,**COLE HAAN**  Contact us Phone 📞 :- +251927686868 Telegram 💬 :- @ClothCity_Chat  📍አድራሻ: ቁጥር 1 መሃል ፒያሳ          ቁጥር 2 አራት ኪሎ          ቁጥር 3 ፍየል ቤት
2025-12-19 15:34:58+00:00,downloads/2025-12/photo_2025-12-19_15-34-58.jpg,**lace-up dress shoes**  Contact us Phone 📞 :- +251927686868 Telegram 💬 :- @ClothCity_Chat  📍አድራሻ: ቁጥር 1 መሃል ፒያሳ          ቁጥር 2 አራት ኪሎ          ቁጥር 3 ፍየል ቤት
2025-12-19 15:29:58+00:00,downloads/2025-12/photo_2025-12-19_15-29-58.jpg,**Men's Horsebit Loafer**  Contact us Phone 📞 :- +251927686868 Telegram 💬 :- @ClothCity_Chat  📍አድራሻ: ቁጥር 1 መሃል ፒያሳ          ቁጥር 2 አራት ኪሎ          ቁጥር 3 ፍየል ቤት
2025-12-17 15:27:58+00:00,downloads/2025-12/photo_2025-12-17_15-27-58.jpg,**Horsebit Loafer**  Contact us Phone 📞 :- +251927686868 Telegram 💬 :- @ClothCity_Chat  📍አድራሻ: ቁጥር 1 መሃል ፒያሳ          ቁጥር 2 አራት ኪሎ          ቁጥር 3 ፍየል ቤት
2025-12-17 15:10:58+00:00,downloads/2025-12/photo_2025-12-17_15-10-58.jpg,**Louis Vuitton Monte Carlo Moccasin**  Contact us Phone 📞 :- +251927686868 Telegram 💬 :- @ClothCity_Chat  📍አድራሻ: ቁጥር 1 መሃል ፒያሳ          ቁጥር 2 አራት ኪሎ          ቁጥር 3 ፍየል ቤት
2025-12-15 15:00:37+00:00,downloads/2025-12/photo_2025-12-15_15-00-37.jpg,**Coat**  Contact us Phone 📞 :- +251927686868 Telegram 💬 :- @ClothCity_Chat  📍አድራሻ: ቁጥር 1 መሃል ፒያሳ          ቁጥር 2 አራት ኪሎ          ቁጥር 3 ፍየል ቤት
2025-12-15 14:54:08+00:00,downloads/2025-12/photo_2025-12-15_14-54-08.jpg,**Jacket**  Contact us Phone 📞 :- +251927686868 Telegram 💬 :- @ClothCity_Chat  📍አድራሻ: ቁጥር 1 መሃል ፒያሳ          ቁጥር 2 አራት ኪሎ          ቁጥር 3 ፍየል ቤት
2025-12-15 14:53:46+00:00,downloads/2025-12/photo_2025-12-15_14-53-46.jpg,**Horsebit Loafer**  Contact us Phone 📞 :- +251927686868 Telegram 💬 :- @ClothCity_Chat  📍አድራሻ: ቁጥር 1 መሃል ፒያሳ          ቁጥር 2 አራት ኪሎ          ቁጥር 3 ፍየል ቤት
2025-12-13 16:32:56+00:00,downloads/2025-12/photo_2025-12-13_16-32-56.jpg,**Tracksuit**  Contact us Phone 📞 :- +251927686868 Telegram 💬 :- @ClothCity_Chat  📍አድራሻ: ቁጥር 1 መሃል ፒያሳ          ቁጥር 2 አራት ኪሎ          ቁጥር 3 ፍየል ቤት
2025-12-13 16:32:51+00:00,downloads/2025-12/photo_2025-12-13_16-32-51.jpg,**Tracksuit**  Contact us Phone 📞 :- +251927686868 Telegram 💬 :- @ClothCity_Chat  📍አድራሻ: ቁጥር 1 መሃል ፒያሳ          ቁጥር 2 አራት ኪሎ          ቁጥር 3 ፍየል ቤት
2025-12-13 16:32:47+00:00,downloads/2025-12/photo_2025-12-13_16-32-47.jpg,**Tracksuit**  Contact us Phone 📞 :- +251927686868 Telegram 💬 :- @ClothCity_Chat  📍አድራሻ: ቁጥር 1 መሃል ፒያሳ          ቁጥር 2 አራት ኪሎ          ቁጥር 3 ፍየል ቤት
2025-12-13 16:32:34+00:00,downloads/2025-12/photo_2025-12-13_16-32-34.jpg,**Tracksuit**  Contact us Phone 📞 :- +251927686868 Telegram 💬 :- @ClothCity_Chat  📍አድራሻ: ቁጥር 1 መሃል ፒያሳ          ቁጥር 2 አራት ኪሎ          ቁጥር 3 ፍየል ቤት
2025-12-10 18:53:11+00:00,downloads/2025-12/photo_2025-12-10_18-53-11.jpg,**Two-piece Tracksuit ** Contact us Phone 📞 :- +251927686868 Telegram 💬 :- @ClothCity_Chat  📍አድራሻ: ቁጥር 1 መሃል ፒያሳ          ቁጥር 2 አራት ኪሎ          ቁጥር 3 ፍየል ቤት
2025-12-10 18:26:08+00:00,downloads/2025-12/photo_2025-12-10_18-26-08.jpg,**Two-piece Tracksuit ** Contact us Phone 📞 :- +251927686868 Telegram 💬 :- @ClothCity_Chat  📍አድራሻ: ቁጥር 1 መሃል ፒያሳ          ቁጥር 2 አራት ኪሎ          ቁጥር 3 ፍየል ቤት
2025-12-10 16:56:53+00:00,downloads/2025-12/photo_2025-12-10_16-56-53.jpg,**Two-piece Tracksuit ** Contact us Phone 📞 :- +251927686868 Telegram 💬 :- @ClothCity_Chat  📍አድራሻ: ቁጥር 1 መሃል ፒያሳ          ቁጥር 2 አራት ኪሎ          ቁጥር 3 ፍየል ቤት
2025-12-06 18:09:58+00:00,downloads/2025-12/photo_2025-12-06_18-09-58.jpg,**Ribbed polo shirt**  Contact us Phone 📞 :- +251927686868 Telegram 💬 :- @ClothCity_Chat  📍አድራሻ: ቁጥር 1 መሃል ፒያሳ          ቁጥር 2 አራት ኪሎ          ቁጥር 3 ፍየል ቤት
2025-12-06 18:08:58+00:00,downloads/2025-12/photo_2025-12-06_18-08-58.jpg,**Black O T-Shirt**  Contact us Phone 📞 :- +251927686868 Telegram 💬 :- @ClothCity_Chat  📍አድራሻ: ቁጥር 1 መሃል ፒያሳ          ቁጥር 2 አራት ኪሎ          ቁጥር 3 ፍየል ቤት
2025-12-05 18:04:58+00:00,downloads/2025-12/photo_2025-12-05_18-04-58.jpg,**Ribbed polo shirt**  Contact us Phone 📞 :- +251927686868 Telegram 💬 :- @ClothCity_Chat  📍አድራሻ: ቁጥር 1 መሃል ፒያሳ          ቁጥር 2 አራት ኪሎ          ቁጥር 3 ፍየል ቤት
2025-12-05 18:03:58+00:00,downloads/2025-12/photo_2025-12-05_18-03-58.jpg,**Ribbed polo shirt**  Contact us Phone 📞 :- +251927686868 Telegram 💬 :- @ClothCity_Chat  📍አድራሻ: ቁጥር 1 መሃል ፒያሳ          ቁጥር 2 አራት ኪሎ          ቁጥር 3 ፍየል ቤት
2025-12-05 17:48:58+00:00,downloads/2025-12/photo_2025-12-05_17-48-58.jpg,**Black Jacket**  Contact us Phone 📞 :- +251927686868 Telegram 💬 :- @ClothCity_Chat  📍አድራሻ: ቁጥር 1 መሃል ፒያሳ          ቁጥር 2 አራት ኪሎ          ቁጥር 3 ፍየል ቤት
2025-12-03 17:34:50+00:00,downloads/2025-12/photo_2025-12-03_17-34-50.jpg,**Long-Sleeve Knit Polo**  Contact us Phone 📞 :- +251927686868 Telegram 💬 :- @ClothCity_Chat  📍አድራሻ: ቁጥር 1 መሃል ፒያሳ          ቁጥር 2 አራት ኪሎ          ቁጥር 3 ፍየል ቤት
2025-12-03 17:34:23+00:00,downloads/2025-12/photo_2025-12-03_17-34-23.jpg,**Long-Sleeve Knit Polo**  Contact us Phone 📞 :- +251927686868 Telegram 💬 :- @ClothCity_Chat  📍አድራሻ: ቁጥር 1 መሃል ፒያሳ          ቁጥር 2 አራት ኪሎ          ቁጥር 3 ፍየል ቤት
2025-12-03 17:29:35+00:00,downloads/2025-12/photo_2025-12-03_17-29-35.jpg,**Utility Jacket**  Contact us Phone 📞 :- +251927686868 Telegram 💬 :- @ClothCity_Chat  📍አድራሻ: ቁጥር 1 መሃል ፒያሳ          ቁጥር 2 አራት ኪሎ          ቁጥር 3 ፍየል ቤት
2025-12-02 10:23:57+00:00,downloads/2025-12/photo_2025-12-02_10-23-57.jpg,Formal Trousers  Contact us Phone 📞 :- +251927686868 Telegram 💬 :- @ClothCity_Chat  📍አድራሻ: ቁጥር 1 መሃል ፒያሳ          ቁጥር 2 አራት ኪሎ          ቁጥር 3 ፍየል ቤት
2025-12-02 10:23:47+00:00,downloads/2025-12/photo_2025-12-02_10-23-47.jpg,Formal Trousers  Contact us Phone 📞 :- +251927686868 Telegram 💬 :- @ClothCity_Chat  📍አድራሻ: ቁጥር 1 መሃል ፒያሳ          ቁጥር 2 አራት ኪሎ          ቁጥር 3 ፍየል ቤት
2025-12-02 10:21:44+00:00,downloads/2025-12/photo_2025-12-02_10-21-44.jpg,Formal Trousers  Contact us Phone 📞 :- +251927686868 Telegram 💬 :- @ClothCity_Chat  📍አድራሻ: ቁጥር 1 መሃል ፒያሳ          ቁጥር 2 አራት ኪሎ          ቁጥር 3 ፍየል ቤት
2025-11-28 18:44:59+00:00,downloads/2025-11/photo_2025-11-28_18-44-59.jpg,**New** T-Shirt  Contact us Phone 📞 :- +251927686868 Telegram 💬 :- @ClothCity_Chat  📍አድራሻ: ቁጥር 1 መሃል ፒያሳ          ቁጥር 2 አራት ኪሎ          ቁጥር 3 ፍየል ቤት
2025-11-28 18:44:52+00:00,downloads/2025-11/photo_2025-11-28_18-44-52.jpg,**New** T-Shirt  Contact us Phone 📞 :- +251927686868 Telegram 💬 :- @ClothCity_Chat  📍አድራሻ: ቁጥር 1 መሃል ፒያሳ          ቁጥር 2 አራት ኪሎ          ቁጥር 3 ፍየል ቤት
2025-11-28 18:41:34+00:00,downloads/2025-11/photo_2025-11-28_18-41-34.jpg,**New** T-Shirt  Contact us Phone 📞 :- +251927686868 Telegram 💬 :- @ClothCity_Chat  📍አድራሻ: ቁጥር 1 መሃል ፒያሳ          ቁጥር 2 አራት ኪሎ          ቁጥር 3 ፍየል ቤት
2025-11-26 16:49:03+00:00,downloads/2025-11/photo_2025-11-26_16-49-03.jpg,**Steve Madden**  Contact us Phone 📞 :- +251927686868 Telegram 💬 :- @ClothCity_Chat  📍አድራሻ: ቁጥር 1 መሃል ፒያሳ          ቁጥር 2 አራት ኪሎ          ቁጥር 3 ፍየል ቤት
2025-11-26 16:47:11+00:00,downloads/2025-11/photo_2025-11-26_16-47-11.jpg,**Suede Cap-Toe Brogue Derby**  Contact us Phone 📞 :- +251927686868 Telegram 💬 :- @ClothCity_Chat  📍አድራሻ: ቁጥር 1 መሃል ፒያሳ          ቁጥር 2 አራት ኪሎ          ቁጥር 3 ፍየል ቤት
2025-11-26 16:45:53+00:00,downloads/2025-11/photo_2025-11-26_16-45-53.jpg,**Woven Leather Penny Loafers**  Contact us Phone 📞 :- +251927686868 Telegram 💬 :- @ClothCity_Chat  📍አድራሻ: ቁጥር 1 መሃል ፒያሳ          ቁጥር 2 አራት ኪሎ          ቁጥር 3 ፍየል ቤት
2025-11-25 10:39:25+00:00,downloads/2025-11/photo_2025-11-25_10-39-25.jpg,**casual navy sneakers Polo Assn**  Contact us Phone 📞 :- +251927686868 Telegram 💬 :- @ClothCity_Chat  📍አድራሻ: ቁጥር 1 መሃል ፒያሳ          ቁጥር 2 አራት ኪሎ          ቁጥር 3 ፍየል ቤት
2025-11-25 10:29:40+00:00,downloads/2025-11/photo_2025-11-25_10-29-40.jpg,**cross-strap slip-on sandals**  Contact us Phone 📞 :- +251927686868 Telegram 💬 :- @ClothCity_Chat  📍አድራሻ: ቁጥር 1 መሃል ፒያሳ          ቁጥር 2 አራት ኪሎ          ቁጥር 3 ፍየል ቤት
2025-11-25 10:26:07+00:00,downloads/2025-11/photo_2025-11-25_10-26-07.jpg,**two-strap slide sandals**  Contact us Phone 📞 :- +251927686868 Telegram 💬 :- @ClothCity_Chat  📍አድራሻ: ቁጥር 1 መሃል ፒያሳ          ቁጥር 2 አራት ኪሎ          ቁጥር 3 ፍየል ቤት
2025-11-24 18:53:53+00:00,downloads/2025-11/photo_2025-11-24_18-53-53.jpg,**Vest Jacket**  Contact us Phone 📞 :- +251927686868 Telegram 💬 :- @ClothCity_Chat  📍አድራሻ: ቁጥር 1 መሃል ፒያሳ          ቁጥር 2 አራት ኪሎ          ቁጥር 3 ፍየል ቤት
2025-11-24 18:08:04+00:00,downloads/2025-11/photo_2025-11-24_18-08-04.jpg,**Vest Jacket**  Contact us Phone 📞 :- +251927686868 Telegram 💬 :- @ClothCity_Chat  📍አድራሻ: ቁጥር 1 መሃል ፒያሳ          ቁጥር 2 አራት ኪሎ          ቁጥር 3 ፍየል ቤት
2025-11-24 18:01:31+00:00,downloads/2025-11/photo_2025-11-24_18-01-31.jpg,**Vest Jacket**  Contact us Phone 📞 :- +251927686868 Telegram 💬 :- @ClothCity_Chat  📍አድራሻ: ቁጥር 1 መሃል ፒያሳ          ቁጥር 2 አራት ኪሎ          ቁጥር 3 ፍየል ቤት
2025-11-23 11:21:29+00:00,downloads/2025-11/photo_2025-11-23_11-21-29.jpg,zip-up sweater  Contact us Phone 📞 :- +251927686868 Telegram 💬 :- @ClothCity_Chat  📍አድራሻ: ቁጥር 1 መሃል ፒያሳ          ቁጥር 2 አራት ኪሎ          ቁጥር 3 ፍየል ቤት
2025-11-23 11:08:09+00:00,downloads/2025-11/photo_2025-11-23_11-08-09.jpg,**zip-up sweater**  Contact us Phone 📞 :- +251927686868 Telegram 💬 :- @ClothCity_Chat  📍አድራሻ: ቁጥር 1 መሃል ፒያሳ          ቁጥር 2 አራት ኪሎ          ቁጥር 3 ፍየል ቤት
2025-11-20 18:27:36+00:00,downloads/2025-11/photo_2025-11-20_18-27-36.jpg,**Lumberjack Sandals**  Contact us Phone 📞 :- +251927686868 Telegram 💬 :- @ClothCity_Chat  📍አድራሻ: ቁጥር 1 መሃል ፒያሳ          ቁጥር 2 አራት ኪሎ          ቁጥር 3 ፍየል ቤት
2025-11-20 18:26:11+00:00,downloads/2025-11/photo_2025-11-20_18-26-11.jpg,**Two-strap comfort sandal**  Contact us Phone 📞 :- +251927686868 Telegram 💬 :- @ClothCity_Chat  📍አድራሻ: ቁጥር 1 መሃል ፒያሳ          ቁጥር 2 አራት ኪሎ          ቁጥር 3 ፍየል ቤት
2025-11-20 18:17:41+00:00,downloads/2025-11/photo_2025-11-20_18-17-41.jpg,**white double-strap comfort sandals**  Contact us Phone 📞 :- +251927686868 Telegram 💬 :- @ClothCity_Chat  📍አድራሻ: ቁጥር 1 መሃል ፒያሳ          ቁጥር 2 አራት ኪሎ          ቁጥር 3 ፍየል ቤት
2025-11-19 18:28:50+00:00,downloads/2025-11/photo_2025-11-19_18-28-50.jpg,**Fosco luxury slip-on loafers**  Contact us Phone 📞 :- +251927686868 Telegram 💬 :- @ClothCity_Chat  📍አድራሻ: ቁጥር 1 መሃል ፒያሳ          ቁጥር 2 አራት ኪሎ          ቁጥር 3 ፍየል ቤት
2025-11-19 18:25:11+00:00,downloads/2025-11/photo_2025-11-19_18-25-11.jpg,**Fosco luxury slip-on loafers**  Contact us Phone 📞 :- +251927686868 Telegram 💬 :- @ClothCity_Chat  📍አድራሻ: ቁጥር 1 መሃል ፒያሳ          ቁጥር 2 አራት ኪሎ          ቁጥር 3 ፍየል ቤት
2025-11-19 18:11:14+00:00,downloads/2025-11/photo_2025-11-19_18-11-14.jpg,**black Fosco men’s slip-on loafers**  Contact us Phone 📞 :- +251927686868 Telegram 💬 :- @ClothCity_Chat  📍አድራሻ: ቁጥር 1 መሃል ፒያሳ          ቁጥር 2 አራት ኪሎ          ቁጥር 3 ፍየል ቤት
2025-11-14 16:53:32+00:00,downloads/2025-11/photo_2025-11-14_16-53-32.jpg,**Cotton 2 piece cloth**  Contact us Phone 📞 :- +251927686868 Telegram 💬 :- @ClothCity_Chat  📍አድራሻ: ቁጥር 1 መሃል ፒያሳ          ቁጥር 2 አራት ኪሎ          ቁጥር 3 ፍየል ቤት
2025-11-14 16:51:22+00:00,downloads/2025-11/photo_2025-11-14_16-51-22.jpg,**Cotton 2 piece cloth**  Contact us Phone 📞 :- +251927686868 Telegram 💬 :- @ClothCity_Chat  📍አድራሻ: ቁጥር 1 መሃል ፒያሳ          ቁጥር 2 አራት ኪሎ          ቁጥር 3 ፍየል ቤት
2025-11-14 16:46:33+00:00,downloads/2025-11/photo_2025-11-14_16-46-33.jpg,**Cotton 2 piece cloth**  Contact us Phone 📞 :- +251927686868 Telegram 💬 :- @ClothCity_Chat  📍አድራሻ: ቁጥር 1 መሃል ፒያሳ          ቁጥር 2 አራት ኪሎ          ቁጥር 3 ፍየል ቤት
2025-11-12 16:14:33+00:00,downloads/2025-11/photo_2025-11-12_16-14-33.jpg,**Sport Shoes**  Contact us Phone 📞 :- +251927686868 Telegram 💬 :- @ClothCity_Chat  📍አድራሻ: ቁጥር 1 መሃል ፒያሳ          ቁጥር 2 አራት ኪሎ          ቁጥር 3 ፍየል ቤት
2025-11-12 16:14:23+00:00,downloads/2025-11/photo_2025-11-12_16-14-23.jpg,**Sport Shoes**  Contact us Phone 📞 :- +251927686868 Telegram 💬 :- @ClothCity_Chat  📍አድራሻ: ቁጥር 1 መሃል ፒያሳ          ቁጥር 2 አራት ኪሎ          ቁጥር 3 ፍየል ቤት
2025-11-12 16:14:16+00:00,downloads/2025-11/photo_2025-11-12_16-14-16.jpg,**Sport Shoes**  Contact us Phone 📞 :- +251927686868 Telegram 💬 :- @ClothCity_Chat  📍አድራሻ: ቁጥር 1 መሃል ፒያሳ          ቁጥር 2 አራት ኪሎ          ቁጥር 3 ፍየል ቤት
2025-11-11 18:08:18+00:00,downloads/2025-11/photo_2025-11-11_18-08-18.jpg,**Porto Filo jacket and pants**  Contact us Phone 📞 :- +251927686868 Telegram 💬 :- @ClothCity_Chat  📍አድራሻ: ቁጥር 1 መሃል ፒያሳ          ቁጥር 2 አራት ኪሎ          ቁጥር 3 ፍየል ቤት
2025-11-11 18:07:48+00:00,downloads/2025-11/photo_2025-11-11_18-07-48.jpg,**Shirt**  Contact us Phone 📞 :- +251927686868 Telegram 💬 :- @ClothCity_Chat  📍አድራሻ: ቁጥር 1 መሃል ፒያሳ          ቁጥር 2 አራት ኪሎ          ቁጥር 3 ፍየል ቤት
2025-11-11 18:07:12+00:00,downloads/2025-11/photo_2025-11-11_18-07-12.jpg,**Shirt**  Contact us Phone 📞 :- +251927686868 Telegram 💬 :- @ClothCity_Chat  📍አድራሻ: ቁጥር 1 መሃል ፒያሳ          ቁጥር 2 አራት ኪሎ          ቁጥር 3 ፍየል ቤት
2025-11-11 18:06:36+00:00,downloads/2025-11/photo_2025-11-11_18-06-36.jpg,**Polo shirt**  Contact us Phone 📞 :- +251927686868 Telegram 💬 :- @ClothCity_Chat  📍አድራሻ: ቁጥር 1 መሃል ፒያሳ          ቁጥር 2 አራት ኪሎ          ቁጥር 3 ፍየል ቤት
2025-11-10 18:29:22+00:00,downloads/2025-11/photo_2025-11-10_18-29-22.jpg,**Porto Filo jacket and pants**  High quality original cloth    Contact us Phone 📞 :- +251927686868 Telegram 💬 :- @ClothCity_Chat  📍አድራሻ: ቁጥር 1 መሃል ፒያሳ          ቁጥር 2 አራት ኪሎ          ቁጥር 3 ፍየል ቤት
2025-11-07 16:43:22+00:00,downloads/2025-11/photo_2025-11-07_16-43-22.jpg,**Porto Filo jacket and pants**  High quality original cloth    Contact us Phone 📞 :- +251927686868 Telegram 💬 :- @ClothCity_Chat  📍አድራሻ: ቁጥር 1 መሃል ፒያሳ          ቁጥር 2 አራት ኪሎ          ቁጥር 3 ፍየል ቤት
2025-11-06 16:36:45+00:00,downloads/2025-11/photo_2025-11-06_16-36-45.jpg,**New Watch  **  Contact us Phone 📞 :- +251927686868 Telegram 💬 :- @ClothCity_Chat  📍አድራሻ: ቁጥር 1 መሃል ፒያሳ          ቁጥር 2 አራት ኪሎ          ቁጥር 3 ፍየል ቤት
2025-11-06 16:36:36+00:00,downloads/2025-11/photo_2025-11-06_16-36-36.jpg,**New Watch  **  Contact us Phone 📞 :- +251927686868 Telegram 💬 :- @ClothCity_Chat  📍አድራሻ: ቁጥር 1 መሃል ፒያሳ          ቁጥር 2 አራት ኪሎ          ቁጥር 3 ፍየል ቤት
2025-11-06 16:16:06+00:00,downloads/2025-11/photo_2025-11-06_16-16-06.jpg,**Porto Filo jacket and pants**  High quality original cloth    Contact us Phone 📞 :- +251927686868 Telegram 💬 :- @ClothCity_Chat  📍አድራሻ: ቁጥር 1 መሃል ፒያሳ          ቁጥር 2 አራት ኪሎ          ቁጥር 3 ፍየል ቤት
2025-11-05 18:11:00+00:00,downloads/2025-11/photo_2025-11-05_18-11-00.jpg,**Complete Short **  Contact us Phone 📞 :- +251927686868 Telegram 💬 :- @ClothCity_Chat  📍አድራሻ: ቁጥር 1 መሃል ፒያሳ          ቁጥር 2 አራት ኪሎ          ቁጥር 3 ፍየል ቤት
2025-11-05 18:03:52+00:00,downloads/2025-11/photo_2025-11-05_18-03-52.jpg,**Complete Short **  Contact us Phone 📞 :- +251927686868 Telegram 💬 :- @ClothCity_Chat  📍አድራሻ: ቁጥር 1 መሃል ፒያሳ          ቁጥር 2 አራት ኪሎ          ቁጥር 3 ፍየል ቤት
2025-11-05 17:59:09+00:00,downloads/2025-11/photo_2025-11-05_17-59-09.jpg,**Complete Short **  Contact us Phone 📞 :- +251927686868 Telegram 💬 :- @ClothCity_Chat  📍አድራሻ: ቁጥር 1 መሃል ፒያሳ          ቁጥር 2 አራት ኪሎ          ቁጥር 3 ፍየል ቤት
2025-11-03 19:09:03+00:00,downloads/2025-11/photo_2025-11-03_19-09-03.jpg,New Suit  Contact us Phone 📞 :- +251927686868 Telegram 💬 :- @ClothCity_Chat  📍አድራሻ: ቁጥር 1 መሃል ፒያሳ          ቁጥር 2 አራት ኪሎ          ቁጥር 3 ፍየል ቤት
2025-11-03 19:08:54+00:00,downloads/2025-11/photo_2025-11-03_19-08-54.jpg,Blue Black Suit  Contact us Phone 📞 :- +251927686868 Telegram 💬 :- @ClothCity_Chat  📍አድራሻ: ቁጥር 1 መሃል ፒያሳ          ቁጥር 2 አራት ኪሎ          ቁጥር 3 ፍየል ቤት
2025-11-03 19:08:46+00:00,downloads/2025-11/photo_2025-11-03_19-08-46.jpg,Green Suit  Contact us Phone 📞 :- +251927686868 Telegram 💬 :- @ClothCity_Chat  📍አድራሻ: ቁጥር 1 መሃል ፒያሳ          ቁጥር 2 አራት ኪሎ          ቁጥር 3 ፍየል ቤት
2025-10-31 17:51:01+00:00,downloads/2025-10/photo_2025-10-31_17-51-01.jpg,**New Shirt**  Contact us Phone 📞 :- +251927686868 Telegram 💬 :- @ClothCity_Chat  📍አድራሻ:  ፍየል ቤት
2025-10-31 17:50:53+00:00,downloads/2025-10/photo_2025-10-31_17-50-53.jpg,**New Shirt**  Contact us Phone 📞 :- +251927686868 Telegram 💬 :- @ClothCity_Chat  📍አድራሻ:  ፍየል ቤት
2025-10-31 17:40:26+00:00,downloads/2025-10/photo_2025-10-31_17-40-26.jpg,**New Shirt**  Contact us Phone 📞 :- +251927686868 Telegram 💬 :- @ClothCity_Chat  📍አድራሻ:  ፍየል ቤት
2025-10-29 16:36:32+00:00,downloads/2025-10/photo_2025-10-29_16-36-32.jpg,**Sport Shoes**  Contact us Phone 📞 :- +251927686868 Telegram 💬 :- @ClothCity_Chat  📍አድራሻ: ቁጥር 1 መሃል ፒያሳ          ቁጥር 2 አራት ኪሎ          ቁጥር 3 ፍየል ቤት
2025-10-29 16:36:28+00:00,downloads/2025-10/photo_2025-10-29_16-36-28.jpg,**Sport Shoes**  Contact us Phone 📞 :- +251927686868 Telegram 💬 :- @ClothCity_Chat  📍አድራሻ: ቁጥር 1 መሃል ፒያሳ          ቁጥር 2 አራት ኪሎ          ቁጥር 3 ፍየል ቤት
2025-10-29 16:36:24+00:00,downloads/2025-10/photo_2025-10-29_16-36-24.jpg,**Sport Shoes**  Contact us Phone 📞 :- +251927686868 Telegram 💬 :- @ClothCity_Chat  📍አድራሻ: ቁጥር 1 መሃል ፒያሳ          ቁጥር 2 አራት ኪሎ          ቁጥር 3 ፍየል ቤት
2025-10-29 16:36:18+00:00,downloads/2025-10/photo_2025-10-29_16-36-18.jpg,**Sport Shoes**  Contact us Phone 📞 :- +251927686868 Telegram 💬 :- @ClothCity_Chat  📍አድራሻ: ቁጥር 1 መሃል ፒያሳ          ቁጥር 2 አራት ኪሎ          ቁጥር 3 ፍየል ቤት
2025-10-25 13:35:38+00:00,downloads/2025-10/photo_2025-10-25_13-35-38.jpg,**Baseball Hat**  Contact us Phone 📞 :- +251927686868 Telegram 💬 :- @ClothCity_Chat  📍አድራሻ: ቁጥር 1 መሃል ፒያሳ          ቁጥር 2 አራት ኪሎ          ቁጥር 3 ፍየል ቤት
2025-10-25 13:35:38+00:00,downloads/2025-10/photo_2025-10-25_13-35-38 (1).jpg,**Baseball Hat**  Contact us Phone 📞 :- +251927686868 Telegram 💬 :- @ClothCity_Chat  📍አድራሻ: ቁጥር 1 መሃል ፒያሳ          ቁጥር 2 አራት ኪሎ          ቁጥር 3 ፍየል ቤት
2025-10-25 13:35:37+00:00,downloads/2025-10/photo_2025-10-25_13-35-37.jpg,**Baseball Hat**  Contact us Phone 📞 :- +251927686868 Telegram 💬 :- @ClothCity_Chat  📍አድራሻ: ቁጥር 1 መሃል ፒያሳ          ቁጥር 2 አራት ኪሎ          ቁጥር 3 ፍየል ቤት
2025-10-25 13:35:37+00:00,downloads/2025-10/photo_2025-10-25_13-35-37 (1).jpg,**Baseball Hat**  Contact us Phone 📞 :- +251927686868 Telegram 💬 :- @ClothCity_Chat  📍አድራሻ: ቁጥር 1 መሃል ፒያሳ          ቁጥር 2 አራት ኪሎ          ቁጥር 3 ፍየል ቤት
2025-10-25 13:35:37+00:00,downloads/2025-10/photo_2025-10-25_13-35-37 (2).jpg,**Baseball Hat**  Contact us Phone 📞 :- +251927686868 Telegram 💬 :- @ClothCity_Chat  📍አድራሻ: ቁጥር 1 መሃል ፒያሳ          ቁጥር 2 አራት ኪሎ          ቁጥር 3 ፍየል ቤት
2025-10-25 13:35:37+00:00,downloads/2025-10/photo_2025-10-25_13-35-37 (3).jpg,**Baseball Hat**  Contact us Phone 📞 :- +251927686868 Telegram 💬 :- @ClothCity_Chat  📍አድራሻ: ቁጥር 1 መሃል ፒያሳ          ቁጥር 2 አራት ኪሎ          ቁጥር 3 ፍየል ቤት
2025-10-25 13:35:36+00:00,downloads/2025-10/photo_2025-10-25_13-35-36.jpg,**Baseball Hat**  Contact us Phone 📞 :- +251927686868 Telegram 💬 :- @ClothCity_Chat  📍አድራሻ: ቁጥር 1 መሃል ፒያሳ          ቁጥር 2 አራት ኪሎ          ቁጥር 3 ፍየል ቤት
2025-10-25 13:35:36+00:00,downloads/2025-10/photo_2025-10-25_13-35-36 (1).jpg,**Baseball Hat**  Contact us Phone 📞 :- +251927686868 Telegram 💬 :- @ClothCity_Chat  📍አድራሻ: ቁጥር 1 መሃል ፒያሳ          ቁጥር 2 አራት ኪሎ          ቁጥር 3 ፍየል ቤት
2025-10-24 16:03:01+00:00,downloads/2025-10/photo_2025-10-24_16-03-01.jpg,**Baseball Hat**  Contact us Phone 📞 :- +251927686868 Telegram 💬 :- @ClothCity_Chat  📍አድራሻ: ቁጥር 1 መሃል ፒያሳ          ቁጥር 2 አራት ኪሎ          ቁጥር 3 ፍየል ቤት
2025-10-24 16:02:37+00:00,downloads/2025-10/photo_2025-10-24_16-02-37.jpg,**Baseball Hat**  Contact us Phone 📞 :- +251927686868 Telegram 💬 :- @ClothCity_Chat  📍አድራሻ: ቁጥር 1 መሃል ፒያሳ          ቁጥር 2 አራት ኪሎ          ቁጥር 3 ፍየል ቤት
2025-10-24 16:02:29+00:00,downloads/2025-10/photo_2025-10-24_16-02-29.jpg,**Baseball Hat**  Contact us Phone 📞 :- +251927686868 Telegram 💬 :- @ClothCity_Chat  📍አድራሻ: ቁጥር 1 መሃል ፒያሳ          ቁጥር 2 አራት ኪሎ          ቁጥር 3 ፍየል ቤት
2025-10-24 16:02:25+00:00,downloads/2025-10/photo_2025-10-24_16-02-25.jpg,**Baseball Hat**  Contact us Phone 📞 :- +251927686868 Telegram 💬 :- @ClothCity_Chat  📍አድራሻ: ቁጥር 1 መሃል ፒያሳ          ቁጥር 2 አራት ኪሎ          ቁጥር 3 ፍየል ቤት
2025-10-22 13:04:33+00:00,downloads/2025-10/photo_2025-10-22_13-04-33.jpg,G**reen crewneck sweater**  Contact us Phone 📞 :- +251927686868 Telegram 💬 :- @ClothCity_Chat  📍አድራሻ: ቁጥር 1 መሃል ፒያሳ          ቁጥር 2 አራት ኪሎ          ቁጥር 3 ፍየል ቤት
2025-10-22 13:02:42+00:00,downloads/2025-10/photo_2025-10-22_13-02-42.jpg,**brown crewneck sweater**  Contact us Phone 📞 :- +251927686868 Telegram 💬 :- @ClothCity_Chat  📍አድራሻ: ቁጥር 1 መሃል ፒያሳ          ቁጥር 2 አራት ኪሎ          ቁጥር 3 ፍየል ቤት
2025-10-22 13:01:15+00:00,downloads/2025-10/photo_2025-10-22_13-01-15.jpg,C**ream white crewneck sweater**  Contact us Phone 📞 :- +251927686868 Telegram 💬 :- @ClothCity_Chat  📍አድራሻ: ቁጥር 1 መሃል ፒያሳ          ቁጥር 2 አራት ኪሎ          ቁጥር 3 ፍየል ቤት
2025-10-22 12:59:04+00:00,downloads/2025-10/photo_2025-10-22_12-59-04.jpg,Casual Slim-Fit  Trousers  Color: Black  Contact us Phone 📞 :- +251927686868 Telegram 💬 :- @ClothCity_Chat  📍አድራሻ: ቁጥር 1 መሃል ፒያሳ          ቁጥር 2 አራት ኪሎ          ቁጥር 3 ፍየል ቤት
2025-10-22 12:58:44+00:00,downloads/2025-10/photo_2025-10-22_12-58-44.jpg,**Casual Slim-Fit  Trousers**  Contact us Phone 📞 :- +251927686868 Telegram 💬 :- @ClothCity_Chat  📍አድራሻ: ቁጥር 1 መሃል ፒያሳ          ቁጥር 2 አራት ኪሎ          ቁጥር 3 ፍየል ቤት
2025-10-20 18:48:30+00:00,downloads/2025-10/photo_2025-10-20_18-48-30.jpg,**long sleeve shirt ** High quality original cloth    Contact us Phone 📞 :- +251927686868 Telegram 💬 :- @ClothCity_Chat  📍አድራሻ: ቁጥር 1 መሃል ፒያሳ          ቁጥር 2 አራት ኪሎ          ቁጥር 3 ፍየል ቤት
2025-10-20 18:47:14+00:00,downloads/2025-10/photo_2025-10-20_18-47-14.jpg,**long sleeve shirt**  High quality original cloth    Contact us Phone 📞 :- +251927686868 Telegram 💬 :- @ClothCity_Chat  📍አድራሻ: ቁጥር 1 መሃል ፒያሳ          ቁጥር 2 አራት ኪሎ          ቁጥር 3 ፍየል ቤት
2025-10-19 08:55:58+00:00,downloads/2025-10/photo_2025-10-19_08-55-58.jpg,**Brand: Clarks**  Contact us Phone 📞 :- +251927686868 Telegram 💬 :- @ClothCity_Chat  📍አድራሻ: ቁጥር 1 መሃል ፒያሳ          ቁጥር 2 አራት ኪሎ          ቁጥር 3 ፍየል ቤት
2025-10-19 08:18:58+00:00,downloads/2025-10/photo_2025-10-19_08-18-58.jpg,**Penny Loafers **  Brand: Cardamun  Contact us Phone 📞 :- +251927686868 Telegram 💬 :- @ClothCity_Chat  📍አድራሻ: ቁጥር 1 መሃል ፒያሳ          ቁጥር 2 አራት ኪሎ          ቁጥር 3 ፍየል ቤት
2025-10-18 08:49:58+00:00,downloads/2025-10/photo_2025-10-18_08-49-58.jpg,**single-breasted casual blazer**  Contact us Phone 📞 :- +251927686868 Telegram 💬 :- @ClothCity_Chat  📍አድራሻ: ቁጥር 1 መሃል ፒያሳ          ቁጥር 2 አራት ኪሎ          ቁጥር 3 ፍየል ቤት
2025-10-18 08:49:58+00:00,downloads/2025-10/photo_2025-10-18_08-49-58 (1).jpg,**single-breasted casual blazer**  Contact us Phone 📞 :- +251927686868 Telegram 💬 :- @ClothCity_Chat  📍አድራሻ: ቁጥር 1 መሃል ፒያሳ          ቁጥር 2 አራት ኪሎ          ቁጥር 3 ፍየል ቤት
2025-10-18 08:47:58+00:00,downloads/2025-10/photo_2025-10-18_08-47-58.jpg,**single-breasted casual blazer**  Contact us Phone 📞 :- +251927686868 Telegram 💬 :- @ClothCity_Chat  📍አድራሻ: ቁጥር 1 መሃል ፒያሳ          ቁጥር 2 አራት ኪሎ          ቁጥር 3 ፍየል ቤት
2025-10-18 08:42:58+00:00,downloads/2025-10/photo_2025-10-18_08-42-58.jpg,**single-breasted casual blazer**  Contact us Phone 📞 :- +251927686868 Telegram 💬 :- @ClothCity_Chat  📍አድራሻ: ቁጥር 1 መሃል ፒያሳ          ቁጥር 2 አራት ኪሎ          ቁጥር 3 ፍየል ቤት
2025-10-17 08:09:58+00:00,downloads/2025-10/photo_2025-10-17_08-09-58.jpg,**New Suit**  Contact us Phone 📞 :- +251927686868 Telegram 💬 :- @ClothCity_Chat  📍አድራሻ: ቁጥር 1 መሃል ፒያሳ          ቁጥር 2 አራት ኪሎ          ቁጥር 3 ፍየል ቤት
2025-10-17 08:04:58+00:00,downloads/2025-10/photo_2025-10-17_08-04-58.jpg,**Blue Black Suit**  Contact us Phone 📞 :- +251927686868 Telegram 💬 :- @ClothCity_Chat  📍አድራሻ: ቁጥር 1 መሃል ፒያሳ          ቁጥር 2 አራት ኪሎ          ቁጥር 3 ፍየል ቤት
2025-10-17 08:03:58+00:00,downloads/2025-10/photo_2025-10-17_08-03-58.jpg,**Green Suit**  Contact us Phone 📞 :- +251927686868 Telegram 💬 :- @ClothCity_Chat  📍አድራሻ: ቁጥር 1 መሃል ፒያሳ          ቁጥር 2 አራት ኪሎ          ቁጥር 3 ፍየል ቤት
2025-10-16 18:29:51+00:00,downloads/2025-10/photo_2025-10-16_18-29-51.jpg,**Wingtip Oxford**  Contact us Phone 📞 :- +251927686868 Telegram 💬 :- @ClothCity_Chat  📍አድራሻ: ቁጥር 1 መሃል ፒያሳ          ቁጥር 2 አራት ኪሎ          ቁጥር 3 ፍየል ቤት
2025-10-16 17:28:51+00:00,downloads/2025-10/photo_2025-10-16_17-28-51.jpg,**White leather Sneakers**  Brand: ZARA  Contact us Phone 📞 :- +251927686868 Telegram 💬 :- @ClothCity_Chat  📍አድራሻ: ቁጥር 1 መሃል ፒያሳ          ቁጥር 2 አራት ኪሎ          ቁጥር 3 ፍየል ቤት
2025-10-16 16:54:12+00:00,downloads/2025-10/photo_2025-10-16_16-54-12.jpg,Brand : Boggi Milano  Contact us Phone 📞 :- +251927686868 Telegram 💬 :- @ClothCity_Chat  📍አድራሻ: ቁጥር 1 መሃል ፒያሳ          ቁጥር 2 አራት ኪሎ          ቁጥር 3 ፍየል ቤት
2025-10-13 10:52:37+00:00,downloads/2025-10/photo_2025-10-13_10-52-37.jpg,**Shoes**  Contact us Phone 📞 :- +251927686868 Telegram 💬 :- @ClothCity_Chat  📍አድራሻ: ቁጥር 1 መሃል ፒያሳ          ቁጥር 2 አራት ኪሎ          ቁጥር 3 ፍየል ቤት
2025-10-13 10:52:25+00:00,downloads/2025-10/photo_2025-10-13_10-52-25.jpg,**Louis Vuitton LV Driver Loafers**  Contact us Phone 📞 :- +251927686868 Telegram 💬 :- @ClothCity_Chat  📍አድራሻ: ቁጥር 1 መሃል ፒያሳ          ቁጥር 2 አራት ኪሎ          ቁጥር 3 ፍየል ቤት
2025-10-13 10:52:15+00:00,downloads/2025-10/photo_2025-10-13_10-52-15.jpg,**Cole Haan Grandseries Wingtip Oxford Shoes**  Contact us Phone 📞 :- +251927686868 Telegram 💬 :- @ClothCity_Chat  📍አድራሻ: ቁጥር 1 መሃል ፒያሳ          ቁጥር 2 አራት ኪሎ          ቁጥር 3 ፍየል ቤት
2025-10-13 10:51:46+00:00,downloads/2025-10/photo_2025-10-13_10-51-46.jpg,**wingtip brogue dress shoe**  Contact us Phone 📞 :- +251927686868 Telegram 💬 :- @ClothCity_Chat  📍አድራሻ: ቁጥር 1 መሃል ፒያሳ          ቁጥር 2 አራት ኪሎ          ቁጥር 3 ፍየል ቤት
2025-10-12 02:11:23+00:00,downloads/2025-10/photo_2025-10-12_02-11-23.jpg,**Black Blazer** **Jacket**  Contact us Phone 📞 :- +251927686868 Telegram 💬 :- @ClothCity_Chat  📍አድራሻ: ቁጥር 1 መሃል ፒያሳ          ቁጥር 2 አራት ኪሎ          ቁጥር 3 ፍየል ቤት
2025-10-12 01:29:48+00:00,downloads/2025-10/photo_2025-10-12_01-29-48.jpg,**Olive Green Blazer**  Contact us Phone 📞 :- +251927686868 Telegram 💬 :- @ClothCity_Chat  📍አድራሻ: ቁጥር 1 መሃል ፒያሳ          ቁጥር 2 አራት ኪሎ          ቁጥር 3 ፍየል ቤት
2025-10-12 01:14:14+00:00,downloads/2025-10/photo_2025-10-12_01-14-14.jpg,**Men’s trail-inspired casual sneakers ** Contact us Phone 📞 :- +251927686868 Telegram 💬 :- @ClothCity_Chat  📍አድራሻ: ቁጥር 1 መሃል ፒያሳ          ቁጥር 2 አራት ኪሎ          ቁጥር 3 ፍየል ቤት
2025-10-12 00:24:46+00:00,downloads/2025-10/photo_2025-10-12_00-24-46.jpg,No Caption
2025-10-12 00:24:46+00:00,downloads/2025-10/photo_2025-10-12_00-24-46 (1).jpg,No Caption
2025-10-12 00:24:46+00:00,downloads/2025-10/photo_2025-10-12_00-24-46 (2).jpg,**White denim jacket**  Contact us Phone 📞 :- +251927686868 Telegram 💬 :- @ClothCity_Chat  📍አድራሻ: ቁጥር 1 መሃል ፒያሳ          ቁጥር 2 አራት ኪሎ          ቁጥር 3 ፍየል ቤት
2025-10-11 16:45:22+00:00,downloads/2025-10/photo_2025-10-11_16-45-22.jpg,**High Green** ** Quality Suit**  Size :- 48 - 58  Contact us Phone 📞 :- +251927686868 Telegram 💬 :- @ClothCity_Chat  📍አድራሻ: ቁጥር 1 መሃል ፒያሳ          ቁጥር 2 አራት ኪሎ          ቁጥር 3 ፍየል ቤት
2025-10-11 16:44:32+00:00,downloads/2025-10/photo_2025-10-11_16-44-32.jpg,**High cream Quality Suit**  Size :- 48 - 58  Contact us Phone 📞 :- +251927686868 Telegram 💬 :- @ClothCity_Chat  📍አድራሻ: ቁጥር 1 መሃል ፒያሳ          ቁጥር 2 አራት ኪሎ          ቁጥር 3 ፍየል ቤት
2025-10-11 16:43:39+00:00,downloads/2025-10/photo_2025-10-11_16-43-39.jpg,New Suit  Best for formal and Casual   Contact us Phone 📞 :- +251927686868 Telegram 💬 :- @ClothCity_Chat  📍አድራሻ: ቁጥር 1 መሃል ፒያሳ          ቁጥር 2 አራት ኪሎ          ቁጥር 3 ፍየል ቤት
2025-10-10 17:39:01+00:00,downloads/2025-10/photo_2025-10-10_17-39-01.jpg,New Suit  Best for formal and Casual   Contact us Phone 📞 :- +251927686868 Telegram 💬 :- @ClothCity_Chat  📍አድራሻ: ቁጥር 1 መሃል ፒያሳ          ቁጥር 2 አራት ኪሎ          ቁጥር 3 ፍየል ቤት
2025-10-09 18:06:07+00:00,downloads/2025-10/photo_2025-10-09_18-06-07.jpg,**DIESEL – 10 BAR**  **All-black**  Contact us Phone 📞 :- +251927686868 Telegram 💬 :- @ClothCity_Chat  📍አድራሻ: ቁጥር 1 መሃል ፒያሳ          ቁጥር 2 አራት ኪሎ          ቁጥር 3 ፍየል ቤት
2025-10-09 18:03:46+00:00,downloads/2025-10/photo_2025-10-09_18-03-46.jpg,**Full gold-tone**  **DIESEL**  Contact us Phone 📞 :- +251927686868 Telegram 💬 :- @ClothCity_Chat  📍አድራሻ: ቁጥር 1 መሃል ፒያሳ          ቁጥር 2 አራት ኪሎ          ቁጥር 3 ፍየል ቤት
2025-10-08 17:29:45+00:00,downloads/2025-10/photo_2025-10-08_17-29-45.jpg,Casual Slim-Fit  Trousers  Color: Black  Contact us Phone 📞 :- +251927686868 Telegram 💬 :- @ClothCity_Chat  📍አድራሻ: ቁጥር 1 መሃል ፒያሳ          ቁጥር 2 አራት ኪሎ          ቁጥር 3 ፍየል ቤት
2025-10-08 17:29:01+00:00,downloads/2025-10/photo_2025-10-08_17-29-01.jpg,**Casual Slim-Fit  Trousers**  Contact us Phone 📞 :- +251927686868 Telegram 💬 :- @ClothCity_Chat  📍አድራሻ: ቁጥር 1 መሃል ፒያሳ          ቁጥር 2 አራት ኪሎ          ቁጥር 3 ፍየል ቤት
2025-10-08 17:28:40+00:00,downloads/2025-10/photo_2025-10-08_17-28-40.jpg,**Casual Slim-Fit  Trousers**  Contact us Phone 📞 :- +251927686868 Telegram 💬 :- @ClothCity_Chat  📍አድራሻ: ቁጥር 1 መሃል ፒያሳ          ቁጥር 2 አራት ኪሎ          ቁጥር 3 ፍየል ቤት
2025-10-06 17:30:20+00:00,downloads/2025-10/photo_2025-10-06_17-30-20.jpg,**lightweight Jacket**  Contact us Phone 📞 :- +251927686868 Telegram 💬 :- @ClothCity_Chat  📍አድራሻ: ቁጥር 1 መሃል ፒያሳ          ቁጥር 2 አራት ኪሎ          ቁጥር 3 ፍየል ቤት
2025-10-04 08:06:01+00:00,downloads/2025-10/photo_2025-10-04_08-06-01.jpg,**Scott sports shoes**  Contact us Phone 📞 :- +251927686868 Telegram 💬 :- @ClothCity_Chat  📍አድራሻ: ቁጥር 1 መሃል ፒያሳ          ቁጥር 2 አራት ኪሎ          ቁጥር 3 ፍየል ቤት
2025-10-04 08:05:08+00:00,downloads/2025-10/photo_2025-10-04_08-05-08.jpg,**Scott sports shoes**  Contact us Phone 📞 :- +251927686868 Telegram 💬 :- @ClothCity_Chat  📍አድራሻ: ቁጥር 1 መሃል ፒያሳ          ቁጥር 2 አራት ኪሎ          ቁጥር 3 ፍየል ቤት
2025-10-03 11:53:59+00:00,downloads/2025-10/photo_2025-10-03_11-53-59.jpg,**Scott sports shoes**  Contact us Phone 📞 :- +251927686868 Telegram 💬 :- @ClothCity_Chat  📍አድራሻ: ቁጥር 1 መሃል ፒያሳ          ቁጥር 2 አራት ኪሎ          ቁጥር 3 ፍየል ቤት
2025-10-03 11:50:20+00:00,downloads/2025-10/photo_2025-10-03_11-50-20.jpg,**Scott sports shoes**  Contact us Phone 📞 :- +251927686868 Telegram 💬 :- @ClothCity_Chat  📍አድራሻ: ቁጥር 1 መሃል ፒያሳ          ቁጥር 2 አራት ኪሎ          ቁጥር 3 ፍየል ቤት
2025-10-03 11:49:09+00:00,downloads/2025-10/photo_2025-10-03_11-49-09.jpg,**Scott sports shoes**  Contact us Phone 📞 :- +251927686868 Telegram 💬 :- @ClothCity_Chat  📍አድራሻ: ቁጥር 1 መሃል ፒያሳ          ቁጥር 2 አራት ኪሎ          ቁጥር 3 ፍየል ቤት
2025-10-01 07:03:01+00:00,downloads/2025-10/photo_2025-10-01_07-03-01.jpg,**classic Black long-sleeve polo shirt.**  Contact us Phone 📞 :- +251927686868 Telegram 💬 :- @ClothCity_Chat  📍አድራሻ: ቁጥር 1 መሃል ፒያሳ          ቁጥር 2 አራት ኪሎ          ቁጥር 3 ፍየል ቤት
2025-10-01 07:03:01+00:00,downloads/2025-10/photo_2025-10-01_07-03-01 (1).jpg,**classic White long-sleeve polo shirt.**  Contact us Phone 📞 :- +251927686868 Telegram 💬 :- @ClothCity_Chat  📍አድራሻ: ቁጥር 1 መሃል ፒያሳ          ቁጥር 2 አራት ኪሎ          ቁጥር 3 ፍየል ቤት
2025-10-01 07:03:01+00:00,downloads/2025-10/photo_2025-10-01_07-03-01 (2).jpg,**Dark green jeans**  Contact us Phone 📞 :- +251927686868 Telegram 💬 :- @ClothCity_Chat  📍አድራሻ: ቁጥር 1 መሃል ፒያሳ          ቁጥር 2 አራት ኪሎ          ቁጥር 3 ፍየል ቤት
2025-09-30 07:01:37+00:00,downloads/2025-09/photo_2025-09-30_07-01-37.jpg,**Light Blue jeans**  Contact us Phone 📞 :- +251927686868 Telegram 💬 :- @ClothCity_Chat  📍አድራሻ: ቁጥር 1 መሃል ፒያሳ          ቁጥር 2 አራት ኪሎ          ቁጥር 3 ፍየል ቤት
2025-09-30 07:01:37+00:00,downloads/2025-09/photo_2025-09-30_07-01-37 (1).jpg,**light blue jeans**  Contact us Phone 📞 :- +251927686868 Telegram 💬 :- @ClothCity_Chat  📍አድራሻ: ቁጥር 1 መሃል ፒያሳ          ቁጥር 2 አራት ኪሎ          ቁጥር 3 ፍየል ቤት
2025-09-30 07:01:37+00:00,downloads/2025-09/photo_2025-09-30_07-01-37 (2).jpg,**Medium blue wash jeans**  Contact us Phone 📞 :- +251927686868 Telegram 💬 :- @ClothCity_Chat  📍አድራሻ: ቁጥር 1 መሃል ፒያሳ          ቁጥር 2 አራት ኪሎ          ቁጥር 3 ፍየል ቤት
2025-09-29 12:43:11+00:00,downloads/2025-09/photo_2025-09-29_12-43-11.jpg,**Mid-blue Trousers**  Contact us Phone 📞 :- +251927686868 Telegram 💬 :- @ClothCity_Chat  📍አድራሻ: ቁጥር 1 መሃል ፒያሳ          ቁጥር 2 አራት ኪሎ          ቁጥር 3 ፍየል ቤት
2025-09-29 12:22:34+00:00,downloads/2025-09/photo_2025-09-29_12-22-34.jpg,**Black Trousers**  Contact us Phone 📞 :- +251927686868 Telegram 💬 :- @ClothCity_Chat  📍አድራሻ: ቁጥር 1 መሃል ፒያሳ          ቁጥር 2 አራት ኪሎ          ቁጥር 3 ፍየል ቤት
2025-09-29 12:17:48+00:00,downloads/2025-09/photo_2025-09-29_12-17-48.jpg,**warm light-brown Trousers**  Contact us Phone 📞 :- +251927686868 Telegram 💬 :- @ClothCity_Chat  📍አድራሻ: ቁጥር 1 መሃል ፒያሳ          ቁጥር 2 አራት ኪሎ          ቁጥር 3 ፍየል ቤት
2025-09-29 12:05:26+00:00,downloads/2025-09/photo_2025-09-29_12-05-26.jpg,**Light Gray Trousers**  Contact us Phone 📞 :- +251927686868 Telegram 💬 :- @ClothCity_Chat  📍አድራሻ: ቁጥር 1 መሃል ፒያሳ          ቁጥር 2 አራት ኪሎ          ቁጥር 3 ፍየል ቤት
2025-09-26 20:25:58+00:00,downloads/2025-09/photo_2025-09-26_20-25-58.jpg,**እንኳን ለብርሃነ መስቀሉ በሠላም አደረሳችሁ ::    Cloth City**
2025-09-25 19:10:38+00:00,downloads/2025-09/photo_2025-09-25_19-10-38.jpg,Casual Slim-Fit  Trousers  Color: Beige  Contact us Phone 📞 :- +251927686868 Telegram 💬 :- @ClothCity_Chat  📍አድራሻ: ቁጥር 1 መሃል ፒያሳ          ቁጥር 2 አራት ኪሎ          ቁጥር 3 ፍየል ቤት
2025-09-25 19:10:30+00:00,downloads/2025-09/photo_2025-09-25_19-10-30.jpg,Casual Slim-Fit  Trousers  Color: Beige  Contact us Phone 📞 :- +251927686868 Telegram 💬 :- @ClothCity_Chat  📍አድራሻ: ቁጥር 1 መሃል ፒያሳ          ቁጥር 2 አራት ኪሎ          ቁጥር 3 ፍየል ቤት
2025-09-25 19:10:10+00:00,downloads/2025-09/photo_2025-09-25_19-10-10.jpg,Casual Slim-Fit  Trousers  Color: Black  Contact us Phone 📞 :- +251927686868 Telegram 💬 :- @ClothCity_Chat  📍አድራሻ: ቁጥር 1 መሃል ፒያሳ          ቁጥር 2 አራት ኪሎ          ቁጥር 3 ፍየል ቤት
2025-09-24 16:48:37+00:00,downloads/2025-09/photo_2025-09-24_16-48-37.jpg,**long sleeve shirt ** High quality original cloth    Contact us Phone 📞 :- +251927686868 Telegram 💬 :- @ClothCity_Chat  📍አድራሻ: ቁጥር 1 መሃል ፒያሳ          ቁጥር 2 አራት ኪሎ          ቁጥር 3 ፍየል ቤት
2025-09-24 16:48:31+00:00,downloads/2025-09/photo_2025-09-24_16-48-31.jpg,**long sleeve shirt**  High quality original cloth    Contact us Phone 📞 :- +251927686868 Telegram 💬 :- @ClothCity_Chat  📍አድራሻ: ቁጥር 1 መሃል ፒያሳ          ቁጥር 2 አራት ኪሎ          ቁጥር 3 ፍየል ቤት
2025-09-23 16:58:25+00:00,downloads/2025-09/photo_2025-09-23_16-58-25.jpg,**Porto Filo jacket and pants**  High quality original cloth    Contact us Phone 📞 :- +251927686868 Telegram 💬 :- @ClothCity_Chat  📍አድራሻ: ቁጥር 1 መሃል ፒያሳ          ቁጥር 2 አራት ኪሎ          ቁጥር 3 ፍየል ቤት
2025-09-23 16:20:42+00:00,downloads/2025-09/photo_2025-09-23_16-20-42.jpg,**Porto Filo jacket and pants**  High quality original cloth    Contact us Phone 📞 :- +251927686868 Telegram 💬 :- @ClothCity_Chat  📍አድራሻ: ቁጥር 1 መሃል ፒያሳ          ቁጥር 2 አራት ኪሎ          ቁጥር 3 ፍየል ቤት
2025-09-23 16:18:38+00:00,downloads/2025-09/photo_2025-09-23_16-18-38.jpg,**Porto Filo jacket and pants**  High quality original cloth    Contact us Phone 📞 :- +251927686868 Telegram 💬 :- @ClothCity_Chat  📍አድራሻ: ቁጥር 1 መሃል ፒያሳ          ቁጥር 2 አራት ኪሎ          ቁጥር 3 ፍየል ቤት
2025-09-23 16:18:06+00:00,downloads/2025-09/photo_2025-09-23_16-18-06.jpg,**Porto Filo jacket and pants**  High quality original cloth    Contact us Phone 📞 :- +251927686868 Telegram 💬 :- @ClothCity_Chat  📍አድራሻ: ቁጥር 1 መሃል ፒያሳ          ቁጥር 2 አራት ኪሎ          ቁጥር 3 ፍየል ቤት
2025-09-23 16:17:25+00:00,downloads/2025-09/photo_2025-09-23_16-17-25.jpg,**Porto Filo jacket and pants**  High quality original cloth    Contact us Phone 📞 :- +251927686868 Telegram 💬 :- @ClothCity_Chat  📍አድራሻ: ቁጥር 1 መሃል ፒያሳ          ቁጥር 2 አራት ኪሎ          ቁጥር 3 ፍየል ቤት
2025-09-22 18:30:51+00:00,downloads/2025-09/photo_2025-09-22_18-30-51.jpg,Casual Slim-Fit  Trousers  Color: Black  Contact us Phone 📞 :- +251927686868 Telegram 💬 :- @ClothCity_Chat  📍አድራሻ: ቁጥር 1 መሃል ፒያሳ          ቁጥር 2 አራት ኪሎ          ቁጥር 3 ፍየል ቤት
2025-09-22 18:22:10+00:00,downloads/2025-09/photo_2025-09-22_18-22-10.jpg,Casual Slim-Fit  Trousers  Color: Beige  Contact us Phone 📞 :- +251927686868 Telegram 💬 :- @ClothCity_Chat  📍አድራሻ: ቁጥር 1 መሃል ፒያሳ          ቁጥር 2 አራት ኪሎ          ቁጥር 3 ፍየል ቤት
2025-09-22 18:12:34+00:00,downloads/2025-09/photo_2025-09-22_18-12-34.jpg,Casual Slim-Fit  Trousers  Color :- Olive Green  Contact us Phone 📞 :- +251927686868 Telegram 💬 :- @ClothCity_Chat  📍አድራሻ: ቁጥር 1 መሃል ፒያሳ          ቁጥር 2 አራት ኪሎ          ቁጥር 3 ፍየል ቤት
2025-09-20 08:25:08+00:00,downloads/2025-09/photo_2025-09-20_08-25-08.jpg,Double-Breasted Coat  Contact us Phone 📞 :- +251927686868 Telegram 💬 :- @ClothCity_Chat  📍አድራሻ: ቁጥር 1 መሃል ፒያሳ          ቁጥር 2 አራት ኪሎ          ቁጥር 3 ፍየል ቤት
2025-09-20 08:16:01+00:00,downloads/2025-09/photo_2025-09-20_08-16-01.jpg,**Brand: Jordan (by Nike)**  Model/Name: Air Jordan 5 Retro   Contact us Phone 📞 :- +251927686868 Telegram 💬 :- @ClothCity_Chat  📍አድራሻ: ቁጥር 1 መሃል ፒያሳ          ቁጥር 2 አራት ኪሎ          ቁጥር 3 ፍየል ቤት
2025-09-20 08:16:01+00:00,downloads/2025-09/photo_2025-09-20_08-16-01 (1).jpg,**Brand: Salomon**  Model/Name: Salomon S/Lab Sense Ride (variant)  Contact us Phone 📞 :- +251927686868 Telegram 💬 :- @ClothCity_Chat  📍አድራሻ: ቁጥር 1 መሃል ፒያሳ          ቁጥር 2 አራት ኪሎ          ቁጥር 3 ፍየል ቤት
2025-09-19 12:53:47+00:00,downloads/2025-09/photo_2025-09-19_12-53-47.jpg,**Brand: Salomon**  Model/Name: Salomon Ultra Flow  Contact us Phone 📞 :- +251927686868 Telegram 💬 :- @ClothCity_Chat  📍አድራሻ: ቁጥር 1 መሃል ፒያሳ          ቁጥር 2 አራት ኪሎ          ቁጥር 3 ፍየል ቤት
2025-09-19 12:47:44+00:00,downloads/2025-09/photo_2025-09-19_12-47-44.jpg,**Brand: The North Face**  Model/Line: VECTIV Futurelight  Contact us Phone 📞 :- +251927686868 Telegram 💬 :- @ClothCity_Chat  📍አድራሻ: ቁጥር 1 መሃል ፒያሳ          ቁጥር 2 አራት ኪሎ          ቁጥር 3 ፍየል ቤት
2025-09-19 12:31:35+00:00,downloads/2025-09/photo_2025-09-19_12-31-35.jpg,**Brand: Salomon**  Model/Name: Salomon Ultra Flow  Contact us Phone 📞 :- +251927686868 Telegram 💬 :- @ClothCity_Chat  📍አድራሻ: ቁጥር 1 መሃል ፒያሳ          ቁጥር 2 አራት ኪሎ          ቁጥር 3 ፍየል ቤት
2025-09-18 18:29:46+00:00,downloads/2025-09/photo_2025-09-18_18-29-46.jpg,**Porto Filo jacket and pants**  High quality original cloth    Contact us Phone 📞 :- +251927686868 Telegram 💬 :- @ClothCity_Chat  📍አድራሻ: ቁጥር 1 መሃል ፒያሳ          ቁጥር 2 አራት ኪሎ          ቁጥር 3 ፍየል ቤት
2025-09-18 18:29:38+00:00,downloads/2025-09/photo_2025-09-18_18-29-38.jpg,**Porto Filo jacket and pants**  High quality original cloth    Contact us Phone 📞 :- +251927686868 Telegram 💬 :- @ClothCity_Chat  📍አድራሻ: ቁጥር 1 መሃል ፒያሳ          ቁጥር 2 አራት ኪሎ          ቁጥር 3 ፍየል ቤት
2025-09-18 18:15:22+00:00,downloads/2025-09/photo_2025-09-18_18-15-22.jpg,**Porto Filo jacket and pants**  High quality original cloth    Contact us Phone 📞 :- +251927686868 Telegram 💬 :- @ClothCity_Chat  📍አድራሻ: ቁጥር 1 መሃል ፒያሳ          ቁጥር 2 አራት ኪሎ          ቁጥር 3 ፍየል ቤት
2025-09-18 16:31:00+00:00,downloads/2025-09/photo_2025-09-18_16-31-00.jpg,**Brand: Salomon**  Model/Name: Salomon Ultra Glide 2  Contact us Phone 📞 :- +251927686868 Telegram 💬 :- @ClothCity_Chat  📍አድራሻ: ቁጥር 1 መሃል ፒያሳ          ቁጥር 2 አራት ኪሎ          ቁጥር 3 ፍየል ቤት
2025-09-18 16:16:45+00:00,downloads/2025-09/photo_2025-09-18_16-16-45.jpg,**Brand: Adidas**  Model/Line: Cloudfoam  Contact us Phone 📞 :- +251927686868 Telegram 💬 :- @ClothCity_Chat  📍አድራሻ: ቁጥር 1 መሃል ፒያሳ          ቁጥር 2 አራት ኪሎ          ቁጥር 3 ፍየል ቤት
2025-09-17 20:14:58+00:00,downloads/2025-09/photo_2025-09-17_20-14-58.jpg,**Porto Filo jacket and pants**  High quality original cloth    Contact us Phone 📞 :- +251927686868 Telegram 💬 :- @ClothCity_Chat  📍አድራሻ: ቁጥር 1 መሃል ፒያሳ          ቁጥር 2 አራት ኪሎ          ቁጥር 3 ፍየል ቤት
2025-09-16 08:54:01+00:00,downloads/2025-09/photo_2025-09-16_08-54-01.jpg,D**ress Shirt**  Contact us Phone 📞 :- +251927686868 Telegram 💬 :- @ClothCity_Chat  📍አድራሻ: ቁጥር 1 መሃል ፒያሳ          ቁጥር 2 አራት ኪሎ          ቁጥር 3 ፍየል ቤት
2025-09-16 08:50:13+00:00,downloads/2025-09/photo_2025-09-16_08-50-13.jpg,D**ress Shirt**  Contact us Phone 📞 :- +251927686868 Telegram 💬 :- @ClothCity_Chat  📍አድራሻ: ቁጥር 1 መሃል ፒያሳ          ቁጥር 2 አራት ኪሎ          ቁጥር 3 ፍየል ቤት
2025-09-16 08:46:01+00:00,downloads/2025-09/photo_2025-09-16_08-46-01.jpg,D**ress Shirt**  Contact us Phone 📞 :- +251927686868 Telegram 💬 :- @ClothCity_Chat  📍አድራሻ: ቁጥር 1 መሃል ፒያሳ          ቁጥር 2 አራት ኪሎ          ቁጥር 3 ፍየል ቤት
2025-09-15 10:23:23+00:00,downloads/2025-09/photo_2025-09-15_10-23-23.jpg,C**ream cardigan sweater**  Contact us Phone 📞 :- +251927686868 Telegram 💬 :- @ClothCity_Chat  📍አድራሻ: ቁጥር 1 መሃል ፒያሳ          ቁጥር 2 አራት ኪሎ          ቁጥር 3 ፍየል ቤት
2025-09-15 10:04:04+00:00,downloads/2025-09/photo_2025-09-15_10-04-04.jpg,**Brown cardigan sweater**  Contact us Phone 📞 :- +251927686868 Telegram 💬 :- @ClothCity_Chat  📍አድራሻ: ቁጥር 1 መሃል ፒያሳ          ቁጥር 2 አራት ኪሎ          ቁጥር 3 ፍየል ቤት
2025-09-15 10:03:21+00:00,downloads/2025-09/photo_2025-09-15_10-03-21.jpg,B**lack cardigan sweater**  Contact us Phone 📞 :- +251927686868 Telegram 💬 :- @ClothCity_Chat  📍አድራሻ: ቁጥር 1 መሃል ፒያሳ          ቁጥር 2 አራት ኪሎ          ቁጥር 3 ፍየል ቤት
2025-09-10 18:05:38+00:00,downloads/2025-09/photo_2025-09-10_18-05-38.jpg,በዓሉ የሰላም፣ የጤና እና የፍቅር ይሁንላቹህ።    መልካም አዲስ አመት  Cloth City
2025-09-07 10:29:59+00:00,downloads/2025-09/photo_2025-09-07_10-29-59.jpg,**Loro Piana Summer Walk shoes**  Contact us Phone 📞 :- +251927686868 Telegram 💬 :- @ClothCity_Chat  📍አድራሻ: ቁጥር 1 መሃል ፒያሳ          ቁጥር 2 አራት ኪሎ          ቁጥር 3 ፍየል ቤት
2025-09-04 06:32:50+00:00,downloads/2025-09/photo_2025-09-04_06-32-50.jpg,ለመላዉ የእስልምና እምነት ተከታዮች በሙሉ እንኳን ለነብዩ መሐመድ  የልደት በዓል (መውሊድ) በሠላም አደረሰዎ!  በዓሉ የሰላም፣ የጤና እና የፍቅር ይሁንላቹህ።    መልካም የመውሊድ በዓል!  Cloth City
2025-08-31 08:51:58+00:00,downloads/2025-08/photo_2025-08-31_08-51-58.jpg,**Air Jordan sneakers ** Contact us Phone 📞 :- +251927686868 Telegram 💬 :- @ClothCity_Chat  📍አድራሻ: ቁጥር 1 መሃል ፒያሳ          ቁጥር 2 አራት ኪሎ          ቁጥር 3 ፍየል ቤት
2025-08-31 08:46:58+00:00,downloads/2025-08/photo_2025-08-31_08-46-58.jpg,Air Jordan sneakers  Contact us Phone 📞 :- +251927686868 Telegram 💬 :- @ClothCity_Chat  📍አድራሻ: ቁጥር 1 መሃል ፒያሳ          ቁጥር 2 አራት ኪሎ          ቁጥር 3 ፍየል ቤት
2025-08-31 07:45:58+00:00,downloads/2025-08/photo_2025-08-31_07-45-58.jpg,**Scott trail running shoes**  Contact us Phone 📞 :- +251927686868 Telegram 💬 :- @ClothCity_Chat  📍አድራሻ: ቁጥር 1 መሃል ፒያሳ          ቁጥር 2 አራት ኪሎ          ቁጥር 3 ፍየል ቤት
2025-08-31 07:44:58+00:00,downloads/2025-08/photo_2025-08-31_07-44-58.jpg,**Salomon Sense Ride 5 Trail Running Shoes**  Contact us Phone 📞 :- +251927686868 Telegram 💬 :- @ClothCity_Chat  📍አድራሻ: ቁጥር 1 መሃል ፒያሳ          ቁጥር 2 አራት ኪሎ          ቁጥር 3 ፍየል ቤት
2025-08-31 07:43:58+00:00,downloads/2025-08/photo_2025-08-31_07-43-58.jpg,**Nike Wildhorse Trail Running Shoes**  Contact us Phone 📞 :- +251927686868 Telegram 💬 :- @ClothCity_Chat  📍አድራሻ: ቁጥር 1 መሃል ፒያሳ          ቁጥር 2 አራት ኪሎ          ቁጥር 3 ፍየል ቤት
2025-08-31 07:38:58+00:00,downloads/2025-08/photo_2025-08-31_07-38-58.jpg,**Scott Supertrac 3 GTX**  Contact us Phone 📞 :- +251927686868 Telegram 💬 :- @ClothCity_Chat  📍አድራሻ: ቁጥር 1 መሃል ፒያሳ          ቁጥር 2 አራት ኪሎ          ቁጥር 3 ፍየል ቤት
2025-08-31 07:38:58+00:00,downloads/2025-08/photo_2025-08-31_07-38-58 (1).jpg,**Scott Supertrac 3 Trail Running Shoe**  Contact us Phone 📞 :- +251927686868 Telegram 💬 :- @ClothCity_Chat  📍አድራሻ: ቁጥር 1 መሃል ፒያሳ          ቁጥር 2 አራት ኪሎ          ቁጥር 3 ፍየል ቤት
2025-08-31 07:36:58+00:00,downloads/2025-08/photo_2025-08-31_07-36-58.jpg,**Cole Haan GrandSeries Men’s Loafers**  Contact us Phone 📞 :- +251927686868 Telegram 💬 :- @ClothCity_Chat  📍አድራሻ: ቁጥር 1 መሃል ፒያሳ          ቁጥር 2 አራት ኪሎ          ቁጥር 3 ፍየል ቤት
2025-08-31 07:33:58+00:00,downloads/2025-08/photo_2025-08-31_07-33-58.jpg,**pair of black leather wingtip brogue dress shoes**  Contact us Phone 📞 :- +251927686868 Telegram 💬 :- @ClothCity_Chat  📍አድራሻ: ቁጥር 1 መሃል ፒያሳ          ቁጥር 2 አራት ኪሎ          ቁጥር 3 ፍየል ቤት
2025-08-30 08:22:43+00:00,downloads/2025-08/photo_2025-08-30_08-22-43.jpg,**minimalist black low-top sneakers**  Contact us Phone 📞 :- +251927686868 Telegram 💬 :- @ClothCity_Chat  📍አድራሻ: ቁጥር 1 መሃል ፒያሳ          ቁጥር 2 አራት ኪሎ          ቁጥር 3 ፍየል ቤት
2025-08-30 08:21:36+00:00,downloads/2025-08/photo_2025-08-30_08-21-36.jpg,**Clarks slip-on brogue shoes**  Contact us Phone 📞 :- +251927686868 Telegram 💬 :- @ClothCity_Chat  📍አድራሻ: ቁጥር 1 መሃል ፒያሳ          ቁጥር 2 አራት ኪሎ          ቁጥር 3 ፍየል ቤት
2025-08-30 08:19:57+00:00,downloads/2025-08/photo_2025-08-30_08-19-57.jpg,**wingtip brogue dress shoe**  Contact us Phone 📞 :- +251927686868 Telegram 💬 :- @ClothCity_Chat  📍አድራሻ: ቁጥር 1 መሃል ፒያሳ          ቁጥር 2 አራት ኪሎ          ቁጥር 3 ፍየል ቤት
2025-08-30 07:59:10+00:00,downloads/2025-08/photo_2025-08-30_07-59-10.jpg,**Cole Haan Grandseries Wingtip Oxford Shoes**  Contact us Phone 📞 :- +251927686868 Telegram 💬 :- @ClothCity_Chat  📍አድራሻ: ቁጥር 1 መሃል ፒያሳ          ቁጥር 2 አራት ኪሎ          ቁጥር 3 ፍየል ቤት
2025-08-30 07:55:58+00:00,downloads/2025-08/photo_2025-08-30_07-55-58.jpg,**suede brogue derby shoes**  Contact us Phone 📞 :- +251927686868 Telegram 💬 :- @ClothCity_Chat  📍አድራሻ: ቁጥር 1 መሃል ፒያሳ          ቁጥር 2 አራት ኪሎ          ቁጥር 3 ፍየል ቤት
2025-08-29 14:41:20+00:00,downloads/2025-08/photo_2025-08-29_14-41-20.jpg,**Louis Vuitton LV Driver Loafers**  Contact us Phone 📞 :- +251927686868 Telegram 💬 :- @ClothCity_Chat  📍አድራሻ: ቁጥር 1 መሃል ፒያሳ          ቁጥር 2 አራት ኪሎ          ቁጥር 3 ፍየል ቤት
2025-08-29 14:37:58+00:00,downloads/2025-08/photo_2025-08-29_14-37-58.jpg,**Shoes**  Contact us Phone 📞 :- +251927686868 Telegram 💬 :- @ClothCity_Chat  📍አድራሻ: ቁጥር 1 መሃል ፒያሳ          ቁጥር 2 አራት ኪሎ          ቁጥር 3 ፍየል ቤት
2025-08-29 14:32:05+00:00,downloads/2025-08/photo_2025-08-29_14-32-05.jpg,**Classic Brown Suede Chukka Boots**  Contact us Phone 📞 :- +251927686868 Telegram 💬 :- @ClothCity_Chat  📍አድራሻ: ቁጥር 1 መሃል ፒያሳ          ቁጥር 2 አራት ኪሎ          ቁጥር 3 ፍየል ቤት
2025-08-29 14:30:03+00:00,downloads/2025-08/photo_2025-08-29_14-30-03.jpg,**Louis Vuitton Monte Carlo Moccasin**  Contact us Phone 📞 :- +251927686868 Telegram 💬 :- @ClothCity_Chat  📍አድራሻ: ቁጥር 1 መሃል ፒያሳ          ቁጥር 2 አራት ኪሎ          ቁጥር 3 ፍየል ቤት
2025-08-29 14:26:28+00:00,downloads/2025-08/photo_2025-08-29_14-26-28.jpg,**Clarks  Black Leather Brogue Strap **  Contact us Phone 📞 :- +251927686868 Telegram 💬 :- @ClothCity_Chat  📍አድራሻ: ቁጥር 1 መሃል ፒያሳ          ቁጥር 2 አራት ኪሎ          ቁጥር 3 ፍየል ቤት
2025-08-29 14:25:18+00:00,downloads/2025-08/photo_2025-08-29_14-25-18.jpg,**black leather penny loafer**  Contact us Phone 📞 :- +251927686868 Telegram 💬 :- @ClothCity_Chat  📍አድራሻ: ቁጥር 1 መሃል ፒያሳ          ቁጥር 2 አራት ኪሎ          ቁጥር 3 ፍየል ቤት
2025-08-29 14:18:30+00:00,downloads/2025-08/photo_2025-08-29_14-18-30.jpg,**Wool Overcoat**  Contact us Phone 📞 :- +251927686868 Telegram 💬 :- @ClothCity_Chat  📍አድራሻ: ቁጥር 1 መሃል ፒያሳ          ቁጥር 2 አራት ኪሎ          ቁጥር 3 ፍየል ቤት
2025-08-29 14:06:55+00:00,downloads/2025-08/photo_2025-08-29_14-06-55.jpg,**Double-Breasted Overcoat **  Contact us Phone 📞 :- +251927686868 Telegram 💬 :- @ClothCity_Chat  📍አድራሻ: ቁጥር 1 መሃል ፒያሳ          ቁጥር 2 አራት ኪሎ          ቁጥር 3 ፍየል ቤት
2025-08-29 14:06:04+00:00,downloads/2025-08/photo_2025-08-29_14-06-04.jpg,**Double-Breasted Overcoat**  Contact us Phone 📞 :- +251927686868 Telegram 💬 :- @ClothCity_Chat  📍አድራሻ: ቁጥር 1 መሃል ፒያሳ          ቁጥር 2 አራት ኪሎ          ቁጥር 3 ፍየል ቤት
2025-08-29 14:04:48+00:00,downloads/2025-08/photo_2025-08-29_14-04-48.jpg,**Double-Breasted Men’s Trench Coat**  Contact us Phone 📞 :- +251927686868 Telegram 💬 :- @ClothCity_Chat  📍አድራሻ: ቁጥር 1 መሃል ፒያሳ          ቁጥር 2 አራት ኪሎ          ቁጥር 3 ፍየል ቤት
2025-08-29 14:04:16+00:00,downloads/2025-08/photo_2025-08-29_14-04-16.jpg,**Double-Breasted Men’s Trench Coat ** Contact us Phone 📞 :- +251927686868 Telegram 💬 :- @ClothCity_Chat  📍አድራሻ: ቁጥር 1 መሃል ፒያሳ          ቁጥር 2 አራት ኪሎ          ቁጥር 3 ፍየል ቤት
2025-08-29 14:03:02+00:00,downloads/2025-08/photo_2025-08-29_14-03-02.jpg,**Shirt ** Contact us Phone 📞 :- +251927686868 Telegram 💬 :- @ClothCity_Chat  📍አድራሻ: ቁጥር 1 መሃል ፒያሳ          ቁጥር 2 አራት ኪሎ          ቁጥር 3 ፍየል ቤት
2025-08-29 13:57:33+00:00,downloads/2025-08/photo_2025-08-29_13-57-33.jpg,**classic polo collar ** Contact us Phone 📞 :- +251927686868 Telegram 💬 :- @ClothCity_Chat  📍አድራሻ: ቁጥር 1 መሃል ፒያሳ          ቁጥር 2 አራት ኪሎ          ቁጥር 3 ፍየል ቤት
2025-08-29 13:57:20+00:00,downloads/2025-08/photo_2025-08-29_13-57-20.jpg,**classic polo collar**  Contact us Phone 📞 :- +251927686868 Telegram 💬 :- @ClothCity_Chat  📍አድራሻ: ቁጥር 1 መሃል ፒያሳ          ቁጥር 2 አራት ኪሎ          ቁጥር 3 ፍየል ቤት
2025-08-29 13:56:08+00:00,downloads/2025-08/photo_2025-08-29_13-56-08.jpg,White  shirt  Contact us Phone 📞 :- +251927686868 Telegram 💬 :- @ClothCity_Chat  📍አድራሻ: ቁጥር 1 መሃል ፒያሳ          ቁጥር 2 አራት ኪሎ          ቁጥር 3 ፍየል ቤት
2025-08-29 13:55:14+00:00,downloads/2025-08/photo_2025-08-29_13-55-14.jpg,**classic polo collar**  Contact us Phone 📞 :- +251927686868 Telegram 💬 :- @ClothCity_Chat  📍አድራሻ: ቁጥር 1 መሃል ፒያሳ          ቁጥር 2 አራት ኪሎ          ቁጥር 3 ፍየል ቤት
2025-08-29 13:52:16+00:00,downloads/2025-08/photo_2025-08-29_13-52-16.jpg,shirt  Contact us Phone 📞 :- +251927686868 Telegram 💬 :- @ClothCity_Chat  📍አድራሻ: ቁጥር 1 መሃል ፒያሳ          ቁጥር 2 አራት ኪሎ          ቁጥር 3 ፍየል ቤት
2025-08-29 13:52:12+00:00,downloads/2025-08/photo_2025-08-29_13-52-12.jpg,shirt  Contact us Phone 📞 :- +251927686868 Telegram 💬 :- @ClothCity_Chat  📍አድራሻ: ቁጥር 1 መሃል ፒያሳ          ቁጥር 2 አራት ኪሎ          ቁጥር 3 ፍየል ቤት
2025-08-29 13:48:22+00:00,downloads/2025-08/photo_2025-08-29_13-48-22.jpg,polo shirt  Contact us Phone 📞 :- +251927686868 Telegram 💬 :- @ClothCity_Chat  📍አድራሻ: ቁጥር 1 መሃል ፒያሳ          ቁጥር 2 አራት ኪሎ          ቁጥር 3 ፍየል ቤት
2025-08-29 13:46:26+00:00,downloads/2025-08/photo_2025-08-29_13-46-26.jpg,**White shirt**  Contact us Phone 📞 :- +251927686868 Telegram 💬 :- @ClothCity_Chat  📍አድራሻ: ቁጥር 1 መሃል ፒያሳ          ቁጥር 2 አራት ኪሎ          ቁጥር 3 ፍየል ቤት
2025-08-29 13:46:10+00:00,downloads/2025-08/photo_2025-08-29_13-46-10.jpg,**polo shirt**  Contact us Phone 📞 :- +251927686868 Telegram 💬 :- @ClothCity_Chat  📍አድራሻ: ቁጥር 1 መሃል ፒያሳ          ቁጥር 2 አራት ኪሎ          ቁጥር 3 ፍየል ቤት
2025-08-29 13:45:28+00:00,downloads/2025-08/photo_2025-08-29_13-45-28.jpg,**polo shirt**  Contact us Phone 📞 :- +251927686868 Telegram 💬 :- @ClothCity_Chat  📍አድራሻ: ቁጥር 1 መሃል ፒያሳ          ቁጥር 2 አራት ኪሎ          ቁጥር 3 ፍየል ቤት
2025-08-29 13:44:55+00:00,downloads/2025-08/photo_2025-08-29_13-44-55.jpg,**polo shirt**  Contact us Phone 📞 :- +251927686868 Telegram 💬 :- @ClothCity_Chat  📍አድራሻ: ቁጥር 1 መሃል ፒያሳ          ቁጥር 2 አራት ኪሎ          ቁጥር 3 ፍየል ቤት
2025-08-27 10:29:01+00:00,downloads/2025-08/photo_2025-08-27_10-29-01.jpg,wristwatch  Contact us Phone 📞 :- +251927686868 Telegram 💬 :- @ClothCity_Chat  📍አድራሻ: ቁጥር 1 መሃል ፒያሳ          ቁጥር 2 አራት ኪሎ          ቁጥር 3 ፍየል ቤት
2025-08-27 07:03:11+00:00,downloads/2025-08/photo_2025-08-27_07-03-11.jpg,**Reward (Excellanc Collection)**  Contact us Phone 📞 :- +251927686868 Telegram 💬 :- @ClothCity_Chat  📍አድራሻ: ቁጥር 1 መሃል ፒያሳ          ቁጥር 2 አራት ኪሎ          ቁጥር 3 ፍየል ቤት
2025-08-26 12:54:32+00:00,downloads/2025-08/photo_2025-08-26_12-54-32.jpg,**Parfum **  🔹 Product Name: Tom Ford Jasmin Rouge 🔹 Type: Eau de Parfum (EDP) 🔹 Size: 100 ml  Contact us Phone 📞 :- +251927686868 Telegram 💬 :- @ClothCity_Chat  📍አድራሻ: `ቁጥር 1 መሃል ፒያሳ          ቁጥር 2 አራት ኪሎ          ቁጥር 3 ፍየል ቤት`
2025-08-26 12:47:23+00:00,downloads/2025-08/photo_2025-08-26_12-47-23.jpg,**Parfum **  **Brand**: Chanel  **Fragrance Line**: Bleu de Chanel  Contact us Phone 📞 :- +251927686868 Telegram 💬 :- @ClothCity_Chat  📍አድራሻ: `ቁጥር 1 መሃል ፒያሳ          ቁጥር 2 አራት ኪሎ          ቁጥር 3 ፍየል ቤት`
2025-08-26 12:45:40+00:00,downloads/2025-08/photo_2025-08-26_12-45-40.jpg,**Parfum **  **Brand**: Christian Dior **Fragrance** Line: Sauvage **Type**: Eau de Parfum (EDP)  Contact us Phone 📞 :- +251927686868 Telegram 💬 :- @ClothCity_Chat  📍አድራሻ: `ቁጥር 1 መሃል ፒያሳ          ቁጥር 2 አራት ኪሎ          ቁጥር 3 ፍየል ቤት`
2025-08-26 11:23:11+00:00,downloads/2025-08/photo_2025-08-26_11-23-11.jpg,No Caption
2025-08-26 11:23:11+00:00,downloads/2025-08/photo_2025-08-26_11-23-11 (1).jpg,**light grey**  Color :- light grey  Contact us Phone 📞 :- +251927686868 Telegram 💬 :- @ClothCity_Chat  📍አድራሻ: `ቁጥር 1 መሃል ፒያሳ          ቁጥር 2 አራት ኪሎ          ቁጥር 3 ፍየል ቤት`
2025-08-26 11:22:53+00:00,downloads/2025-08/photo_2025-08-26_11-22-53.jpg,**Olive** green  Color :- Olive green  Contact us Phone 📞 :- +251927686868 Telegram 💬 :- @ClothCity_Chat  📍አድራሻ: `ቁጥር 1 መሃል ፒያሳ          ቁጥር 2 አራት ኪሎ          ቁጥር 3 ፍየል ቤት`
2025-08-26 11:22:34+00:00,downloads/2025-08/photo_2025-08-26_11-22-34.jpg,**Camel Beige**  Color :- Camel Beige  Contact us Phone 📞 :- +251927686868 Telegram 💬 :- @ClothCity_Chat  📍አድራሻ: `ቁጥር 1 መሃል ፒያሳ          ቁጥር 2 አራት ኪሎ          ቁጥር 3 ፍየል ቤት`
2025-08-23 15:27:17+00:00,downloads/2025-08/photo_2025-08-23_15-27-17.jpg,**Reward Men’s wristwatch**  Contact us Phone 📞 :- +251927686868 Telegram 💬 :- @ClothCity_Chat  📍አድራሻ: ቁጥር 1 መሃል ፒያሳ          ቁጥር 2 አራት ኪሎ          ቁጥር 3 ፍየል ቤት
2025-08-21 17:25:31+00:00,downloads/2025-08/photo_2025-08-21_17-25-31.jpg,**gold-tone leather strap watch**  Contact us Phone 📞 :- +251927686868 Telegram 💬 :- @ClothCity_Chat  📍አድራሻ: ቁጥር 1 መሃል ፒያሳ          ቁጥር 2 አራት ኪሎ          ቁጥር 3 ፍየል ቤት
2025-08-21 16:28:43+00:00,downloads/2025-08/photo_2025-08-21_16-28-43.jpg,**Toward VIP men’s wristwatch**  Contact us Phone 📞 :- +251927686868 Telegram 💬 :- @ClothCity_Chat  📍አድራሻ: ቁጥር 1 መሃል ፒያሳ          ቁጥር 2 አራት ኪሎ          ቁጥር 3 ፍየል ቤት
2025-08-21 16:23:36+00:00,downloads/2025-08/photo_2025-08-21_16-23-36.jpg,**Gold-Tone Chronograph Watch**  Contact us Phone 📞 :- +251927686868 Telegram 💬 :- @ClothCity_Chat  📍አድራሻ: ቁጥር 1 መሃል ፒያሳ          ቁጥር 2 አራት ኪሎ          ቁጥር 3 ፍየል ቤት
2025-08-20 17:53:19+00:00,downloads/2025-08/photo_2025-08-20_17-53-19.jpg,D**ark brown shade Jacket**  Contact us Phone 📞 :- +251927686868 Telegram 💬 :- @ClothCity_Chat  📍አድራሻ: ቁጥር 1 መሃል ፒያሳ          ቁጥር 2 አራት ኪሎ          ቁጥር 3 ፍየል ቤት
2025-08-19 17:50:29+00:00,downloads/2025-08/photo_2025-08-19_17-50-29.jpg,**Bomber** Jacket  Contact us Phone 📞 :- +251927686868 Telegram 💬 :- @ClothCity_Chat  📍አድራሻ: ቁጥር 1 መሃል ፒያሳ          ቁጥር 2 አራት ኪሎ          ቁጥር 3 ፍየል ቤት
2025-08-19 17:37:41+00:00,downloads/2025-08/photo_2025-08-19_17-37-41.jpg,**Bomber** Jacket  Contact us Phone 📞 :- +251927686868 Telegram 💬 :- @ClothCity_Chat  📍አድራሻ: ቁጥር 1 መሃል ፒያሳ          ቁጥር 2 አራት ኪሎ          ቁጥር 3 ፍየል ቤት
2025-08-18 07:59:58+00:00,downloads/2025-08/photo_2025-08-18_07-59-58.jpg,**Navy blue Chore jacket**  Contact us Phone 📞 :- +251927686868 Telegram 💬 :- @ClothCity_Chat  📍አድራሻ: ቁጥር 1 መሃል ፒያሳ          ቁጥር 2 አራት ኪሎ          ቁጥር 3 ፍየል ቤት
2025-08-16 04:44:49+00:00,downloads/2025-08/photo_2025-08-16_04-44-49.jpg,light  jacket   Contact us Phone 📞 :- +251927686868 Telegram 💬 :- @ClothCity_Chat  📍አድራሻ: ቁጥር 1 መሃል ፒያሳ          ቁጥር 2 አራት ኪሎ          ቁጥር 3 ፍየል ቤት
2025-08-13 14:57:08+00:00,downloads/2025-08/photo_2025-08-13_14-57-08.jpg,light  jacket   Contact us Phone 📞 :- +251927686868 Telegram 💬 :- @ClothCity_Chat  📍አድራሻ: ቁጥር 1 መሃል ፒያሳ          ቁጥር 2 አራት ኪሎ          ቁጥር 3 ፍየል ቤት
2025-08-12 11:46:47+00:00,downloads/2025-08/photo_2025-08-12_11-46-47.jpg,**light tan jacket **  Contact us Phone 📞 :- +251927686868 Telegram 💬 :- @ClothCity_Chat  📍አድራሻ: ቁጥር 1 መሃል ፒያሳ          ቁጥር 2 አራት ኪሎ          ቁጥር 3 ፍየል ቤት
2025-08-11 16:40:33+00:00,downloads/2025-08/photo_2025-08-11_16-40-33.jpg,**light olive men’s jacket**  Contact us Phone 📞 :- +251927686868 Telegram 💬 :- @ClothCity_Chat  📍አድራሻ: ቁጥር 1 መሃል ፒያሳ          ቁጥር 2 አራት ኪሎ          ቁጥር 3 ፍየል ቤት
2025-08-11 16:17:14+00:00,downloads/2025-08/photo_2025-08-11_16-17-14.jpg,**olive green Chelsea boots ** Contact us Phone 📞 :- +251927686868 Telegram 💬 :- @ClothCity_Chat  📍አድራሻ: ቁጥር 1 መሃል ፒያሳ          ቁጥር 2 አራት ኪሎ          ቁጥር 3 ፍየል ቤት
2025-08-11 13:54:35+00:00,downloads/2025-08/photo_2025-08-11_13-54-35.jpg,**suede chukka boots **  Contact us Phone 📞 :- +251927686868 Telegram 💬 :- @ClothCity_Chat  📍አድራሻ: ቁጥር 1 መሃል ፒያሳ          ቁጥር 2 አራት ኪሎ          ቁጥር 3 ፍየል ቤት
2025-08-11 13:53:11+00:00,downloads/2025-08/photo_2025-08-11_13-53-11.jpg,**black suede Chelsea boots ** Contact us Phone 📞 :- +251927686868 Telegram 💬 :- @ClothCity_Chat  📍አድራሻ: ቁጥር 1 መሃል ፒያሳ          ቁጥር 2 አራት ኪሎ          ቁጥር 3 ፍየል ቤት
2025-08-06 09:54:34+00:00,downloads/2025-08/photo_2025-08-06_09-54-34.jpg,**Camel wool overcoat ** Contact us Phone 📞 :- +251927686868 Telegram 💬 :- @ClothCity_Chat  📍አድራሻ: ቁጥር 1 መሃል ፒያሳ          ቁጥር 2 አራት ኪሎ          ቁጥር 3 ፍየል ቤት
2025-08-06 09:36:48+00:00,downloads/2025-08/photo_2025-08-06_09-36-48.jpg,**Polaris Brown Suede Slide Sandals**  Contact us Phone 📞 :- +251927686868 Telegram 💬 :- @ClothCity_Chat  📍አድራሻ: ቁጥር 1 መሃል ፒያሳ          ቁጥር 2 አራት ኪሎ          ቁጥር 3 ፍየል ቤት
2025-08-06 09:29:49+00:00,downloads/2025-08/photo_2025-08-06_09-29-49.jpg,wool overcoat  Contact us Phone 📞 :- +251927686868 Telegram 💬 :- @ClothCity_Chat  📍አድራሻ: ቁጥር 1 መሃል ፒያሳ          ቁጥር 2 አራት ኪሎ          ቁጥር 3 ፍየል ቤት
2025-08-05 09:20:44+00:00,downloads/2025-08/photo_2025-08-05_09-20-44.jpg,Polaris Double Buckle Slide Sandals – Olive Green  Contact us Phone 📞 :- +251927686868 Telegram 💬 :- @ClothCity_Chat  📍አድራሻ: ቁጥር 1 መሃል ፒያሳ          ቁጥር 2 አራት ኪሎ          ቁጥር 3 ፍየል ቤት
2025-08-05 09:05:38+00:00,downloads/2025-08/photo_2025-08-05_09-05-38.jpg,No Caption
2025-08-05 09:05:37+00:00,downloads/2025-08/photo_2025-08-05_09-05-37.jpg,Polaris men's slide sandal  Contact us Phone 📞 :- +251927686868 Telegram 💬 :- @ClothCity_Chat  📍አድራሻ: ቁጥር 1 መሃል ፒያሳ          ቁጥር 2 አራት ኪሎ          ቁጥር 3 ፍየል ቤት
2025-07-31 20:32:22+00:00,downloads/2025-07/photo_2025-07-31_20-32-22.jpg,**Camel Beige**  Color :- Camel Beige  Contact us Phone 📞 :- +251927686868 Telegram 💬 :- @ClothCity_Chat  📍አድራሻ: `ቁጥር 1 መሃል ፒያሳ          ቁጥር 2 አራት ኪሎ          ቁጥር 3 ፍየል ቤት`
2025-07-31 18:46:58+00:00,downloads/2025-07/photo_2025-07-31_18-46-58.jpg,**Olive** green  Color :- Olive green  Contact us Phone 📞 :- +251927686868 Telegram 💬 :- @ClothCity_Chat  📍አድራሻ: `ቁጥር 1 መሃል ፒያሳ          ቁጥር 2 አራት ኪሎ          ቁጥር 3 ፍየል ቤት`
2025-07-30 04:04:40+00:00,downloads/2025-07/photo_2025-07-30_04-04-40.jpg,If you're qualified only **DM** us @albashfashionn
2025-07-29 18:43:46+00:00,downloads/2025-07/photo_2025-07-29_18-43-46.jpg,**Olive** green  Color :- Olive green  Contact us Phone 📞 :- +251927686868 Telegram 💬 :- @ClothCity_Chat  📍አድራሻ: `ቁጥር 1 መሃል ፒያሳ          ቁጥር 2 አራት ኪሎ          ቁጥር 3 ፍየል ቤት`
2025-07-29 18:42:12+00:00,downloads/2025-07/photo_2025-07-29_18-42-12.jpg,**Olive** green  Color :- Olive green  Contact us Phone 📞 :- +251927686868 Telegram 💬 :- @ClothCity_Chat  📍አድራሻ: `ቁጥር 1 መሃል ፒያሳ          ቁጥር 2 አራት ኪሎ          ቁጥር 3 ፍየል ቤት`
2025-07-29 15:37:47+00:00,downloads/2025-07/photo_2025-07-29_15-37-47.jpg,No Caption
2025-07-29 15:37:47+00:00,downloads/2025-07/photo_2025-07-29_15-37-47 (1).jpg,**light grey**  Color :- light grey  Contact us Phone 📞 :- +251927686868 Telegram 💬 :- @ClothCity_Chat  📍አድራሻ: `ቁጥር 1 መሃል ፒያሳ          ቁጥር 2 አራት ኪሎ          ቁጥር 3 ፍየል ቤት`
2025-07-26 11:29:17+00:00,downloads/2025-07/photo_2025-07-26_11-29-17.jpg,"2 pic jacket and pants  High quality original cloth   Brand:- Porto  Color :-  White, Black, Gray  and Dusty Blue  Contact us Phone 📞 :- +251927686868 Telegram 💬 :- @ClothCity_Chat  📍አድራሻ: `ቁጥር 1 መሃል ፒያሳ          ቁጥር 2 አራት ኪሎ          ቁጥር 3 ፍየል ቤት`"
2025-07-26 10:32:09+00:00,downloads/2025-07/photo_2025-07-26_10-32-09.jpg,"**2 pic jacket and pants**  High quality original cloth   Brand:- Porto  Color :-  `White, Black, Gray  and Dusty Blue`  Contact us Phone 📞 :- +251927686868 Telegram 💬 :- @ClothCity_Chat  📍አድራሻ: `ቁጥር 1 መሃል ፒያሳ          ቁጥር 2 አራት ኪሎ          ቁጥር 3 ፍየል ቤት`"
2025-07-26 10:31:50+00:00,downloads/2025-07/photo_2025-07-26_10-31-50.jpg,"**2 pic jacket and pants**  High quality original cloth   Brand:- Porto  Color :-  `White, Black, Gray  and Dusty Blue`  Contact us Phone 📞 :- +251927686868 Telegram 💬 :- @ClothCity_Chat  📍አድራሻ: `ቁጥር 1 መሃል ፒያሳ          ቁጥር 2 አራት ኪሎ          ቁጥር 3 ፍየል ቤት`"
2025-07-24 18:50:11+00:00,downloads/2025-07/photo_2025-07-24_18-50-11.jpg,**Vest**   Best for winter and summer cloth  Contact us Phone 📞 :- +251927686868 Telegram 💬 :- @ClothCity_Chat  📍አድራሻ :-                `1. ፍየል ቤት ከዮናስ ጨርጨር አጠገብ`
2025-07-24 18:49:03+00:00,downloads/2025-07/photo_2025-07-24_18-49-03.jpg,**Vest**   Best for winter and summer cloth  Contact us Phone 📞 :- +251927686868 Telegram 💬 :- @ClothCity_Chat  📍አድራሻ :-                `1. ፍየል ቤት ከዮናስ ጨርጨር አጠገብ`
2025-07-24 18:47:53+00:00,downloads/2025-07/photo_2025-07-24_18-47-53.jpg,**Vest**   Best for winter and summer cloth  Contact us Phone 📞 :- +251927686868 Telegram 💬 :- @ClothCity_Chat  📍አድራሻ :-                `1. ፍየል ቤት ከዮናስ ጨርጨር አጠገብ`
2025-07-18 17:47:24+00:00,downloads/2025-07/photo_2025-07-18_17-47-24.jpg,🇺🇸 **Tracksuit**  Best for winter and summer cloth  Contact us Phone 📞 :- +251927686868 Telegram 💬 :- @ClothCity_Chat  📍አድራሻ :-                `1. ፍየል ቤት ከዮናስ ጨርጨር አጠገብ       2. መሃል ፒያሳ ከሲኒማ አምፒር አጠገብ`
2025-07-18 17:46:01+00:00,downloads/2025-07/photo_2025-07-18_17-46-01.jpg,`🇺🇸` Tra**cksuit**  Best for winter and summer cloth  Contact us Phone 📞 :- +251927686868 Telegram 💬 :- @ClothCity_Chat  📍አድራሻ :-                `1. ፍየል ቤት ከዮናስ ጨርጨር አጠገብ       2. መሃል ፒያሳ ከሲኒማ አምፒር አጠገብ`
2025-07-18 17:45:54+00:00,downloads/2025-07/photo_2025-07-18_17-45-54.jpg,`🇺🇸` Tra**cksuit**  Best for winter and summer cloth  Contact us Phone 📞 :- +251927686868 Telegram 💬 :- @ClothCity_Chat  📍አድራሻ :-                `1. ፍየል ቤት ከዮናስ ጨርጨር አጠገብ       2. መሃል ፒያሳ ከሲኒማ አምፒር አጠገብ`
2025-07-18 17:45:38+00:00,downloads/2025-07/photo_2025-07-18_17-45-38.jpg,`🇺🇸` Tra**cksuit**  Best for winter and summer cloth  Contact us Phone 📞 :- +251927686868 Telegram 💬 :- @ClothCity_Chat  📍አድራሻ :-                `1. ፍየል ቤት ከዮናስ ጨርጨር አጠገብ       2. መሃል ፒያሳ ከሲኒማ አምፒር አጠገብ`
2025-07-18 17:45:19+00:00,downloads/2025-07/photo_2025-07-18_17-45-19.jpg,`🇺🇸` Tra**cksuit**  Best for winter and summer cloth  Contact us Phone 📞 :- +251927686868 Telegram 💬 :- @ClothCity_Chat  📍አድራሻ :-                `1. ፍየል ቤት ከዮናስ ጨርጨር አጠገብ       2. መሃል ፒያሳ ከሲኒማ አምፒር አጠገብ`
2025-07-18 17:45:14+00:00,downloads/2025-07/photo_2025-07-18_17-45-14.jpg,`🇺🇸` Tra**cksuit**  Best for winter and summer cloth  Contact us Phone 📞 :- +251927686868 Telegram 💬 :- @ClothCity_Chat  📍አድራሻ :-                `1. ፍየል ቤት ከዮናስ ጨርጨር አጠገብ       2. መሃል ፒያሳ ከሲኒማ አምፒር አጠገብ`
2025-07-18 17:45:10+00:00,downloads/2025-07/photo_2025-07-18_17-45-10.jpg,`🇺🇸` Tra**cksuit**  Best for winter and summer cloth  Contact us Phone 📞 :- +251927686868 Telegram 💬 :- @ClothCity_Chat  📍አድራሻ :-                `1. ፍየል ቤት ከዮናስ ጨርጨር አጠገብ       2. መሃል ፒያሳ ከሲኒማ አምፒር አጠገብ`
2025-07-18 17:45:05+00:00,downloads/2025-07/photo_2025-07-18_17-45-05.jpg,`🇺🇸` Tra**cksuit**  Best for winter and summer cloth  Contact us Phone 📞 :- +251927686868 Telegram 💬 :- @ClothCity_Chat  📍አድራሻ :-                `1. ፍየል ቤት ከዮናስ ጨርጨር አጠገብ       2. መሃል ፒያሳ ከሲኒማ አምፒር አጠገብ`
2025-07-18 17:44:57+00:00,downloads/2025-07/photo_2025-07-18_17-44-57.jpg,`🇺🇸` Tra**cksuit**  Best for winter and summer cloth  Contact us Phone 📞 :- +251927686868 Telegram 💬 :- @ClothCity_Chat  📍አድራሻ :-                `1. ፍየል ቤት ከዮናስ ጨርጨር አጠገብ       2. መሃል ፒያሳ ከሲኒማ አምፒር አጠገብ`
2025-07-18 14:38:04+00:00,downloads/2025-07/photo_2025-07-18_14-38-04.jpg,**Beige Puffer Jacket**  Available on :- ፍየል ቤት ከዮናስ ጨርጨር አገብ   Contact us Phone 📞 :- +251927686868 Telegram 💬 :- @ClothCity_Chat  📍`አድራሻ: ቁጥር 1 መሃል ፒያሳ          ቁጥር 2 አራት ኪሎ          ቁጥር 3 ፍየል ቤት`
2025-07-18 14:28:25+00:00,downloads/2025-07/photo_2025-07-18_14-28-25.jpg,**Beige Puffer Jacket**  Available on :- ፍየል ቤት ከዮናስ ጨርጨር አገብ   Contact us Phone 📞 :- +251927686868 Telegram 💬 :- @ClothCity_Chat  📍`አድራሻ: ቁጥር 1 መሃል ፒያሳ          ቁጥር 2 አራት ኪሎ          ቁጥር 3 ፍየል ቤት`
2025-07-17 15:59:55+00:00,downloads/2025-07/photo_2025-07-17_15-59-55.jpg,**Taupe Double-Breasted Trench Coat ** Available on :- ፍየል ቤት ከዮናስ ጨርጨር አተገብ   Contact us Phone 📞 :- +251927686868 Telegram 💬 :- @ClothCity_Chat  📍`አድራሻ: ቁጥር 1 መሃል ፒያሳ          ቁጥር 2 አራት ኪሎ          ቁጥር 3 ፍየል ቤት`
2025-07-17 14:59:55+00:00,downloads/2025-07/photo_2025-07-17_14-59-55.jpg,**Taupe Double-Breasted Trench Coat ** Available on :- ፍየል ቤት ከዮናስ ጨርጨር አተገብ   Contact us Phone 📞 :- +251927686868 Telegram 💬 :- @ClothCity_Chat  📍`አድራሻ: ቁጥር 1 መሃል ፒያሳ          ቁጥር 2 አራት ኪሎ          ቁጥር 3 ፍየል ቤት`
2025-07-16 20:08:35+00:00,downloads/2025-07/photo_2025-07-16_20-08-35.jpg,**Baseball Hat ** Best for winter and summer cloth   Location :- ፒያሳ ከሲኒማ አምፒር አጠገብ   Contact us Phone 📞 :- +251927686868 Telegram 💬 :- @ClothCity_Chat  📍አድራሻ: ቁጥር 1 መሃል ፒያሳ          ቁጥር 2 አራት ኪሎ          ቁጥር 3 ፍየል ቤት
2025-07-16 20:04:45+00:00,downloads/2025-07/photo_2025-07-16_20-04-45.jpg,**Baseball Hat ** Best for winter and summer cloth   Location :- ፒያሳ ከሲኒማ አምፒር አጠገብ   Contact us Phone 📞 :- +251927686868 Telegram 💬 :- @ClothCity_Chat  📍አድራሻ: ቁጥር 1 መሃል ፒያሳ          ቁጥር 2 አራት ኪሎ          ቁጥር 3 ፍየል ቤት
2025-07-14 08:49:03+00:00,downloads/2025-07/photo_2025-07-14_08-49-03.jpg,Winter Jacket   Contact us Phone 📞 :- +251927686868 Telegram 💬 :- @ClothCity_Chat  📍አድራሻ: ቁጥር 1 መሃል ፒያሳ          ቁጥር 2 አራት ኪሎ          ቁጥር 3 ፍየል ቤት
2025-07-14 08:48:11+00:00,downloads/2025-07/photo_2025-07-14_08-48-11.jpg,Jacket   Contact us Phone 📞 :- +251927686868 Telegram 💬 :- @ClothCity_Chat  📍አድራሻ: ቁጥር 1 መሃል ፒያሳ          ቁጥር 2 አራት ኪሎ          ቁጥር 3 ፍየል ቤት
2025-07-14 08:47:50+00:00,downloads/2025-07/photo_2025-07-14_08-47-50.jpg,Jacket   Contact us Phone 📞 :- +251927686868 Telegram 💬 :- @ClothCity_Chat  📍አድራሻ: ቁጥር 1 መሃል ፒያሳ          ቁጥር 2 አራት ኪሎ          ቁጥር 3 ፍየል ቤት
2025-07-11 14:02:19+00:00,downloads/2025-07/photo_2025-07-11_14-02-19.jpg,**Winter Jacket **  Contact us Phone 📞 :- +251927686868 Telegram 💬 :- @ClothCity_Chat  📍`አድራሻ: ቁጥር 1 መሃል ፒያሳ          ቁጥር 2 አራት ኪሎ          ቁጥር 3 ፍየል ቤት`
2025-07-11 13:14:25+00:00,downloads/2025-07/photo_2025-07-11_13-14-25.jpg,**Navy blue Casual Sneakers**  Brand:  Beverly Hills Polo Club  Type: Casual/Basketball-inspired sneaker. 👞  Size :- `38 - 44` 👟  Contact us Phone 📞 :- +251927686868 Telegram 💬 :- @ClothCity_Chat  📍`አድራሻ: ቁጥር 1 መሃል ፒያሳ          ቁጥር 2 አራት ኪሎ          ቁጥር 3 ፍየል ቤት`
2025-07-11 13:14:07+00:00,downloads/2025-07/photo_2025-07-11_13-14-07.jpg,**Scott Supertrac Amphib**  Brand: Scott  Type: Casual/Basketball-inspired sneaker. 👞  Size :- `38 - 44` 👟  Contact us Phone 📞 :- +251927686868 Telegram 💬 :- @ClothCity_Chat  📍`አድራሻ: ቁጥር 1 መሃል ፒያሳ          ቁጥር 2 አራት ኪሎ          ቁጥር 3 ፍየል ቤት`
2025-07-10 05:06:16+00:00,downloads/2025-07/photo_2025-07-10_05-06-16.jpg,white sneakers  Brand: Polo Club pair  Type: Casual/Basketball-inspired sneaker. 👞   Size :- 38 - 44 👟  Contact us Phone 📞 :- +251927686868 Telegram 💬 :- @ClothCity_Chat  📍አድራሻ: ቁጥር 1 መሃል ፒያሳ          ቁጥር 2 አራት ኪሎ          ቁጥር 3 ፍየል ቤት
2025-07-10 05:02:21+00:00,downloads/2025-07/photo_2025-07-10_05-02-21.jpg,**Scott Supertrac Amphib**  Brand: Scott  Type: Casual/Basketball-inspired sneaker. 👞   Size :- `38 - 44` 👟  Contact us Phone 📞 :- +251927686868 Telegram 💬 :- @ClothCity_Chat  📍`አድራሻ: ቁጥር 1 መሃል ፒያሳ          ቁጥር 2 አራት ኪሎ          ቁጥር 3 ፍየል ቤት`
2025-07-10 04:46:16+00:00,downloads/2025-07/photo_2025-07-10_04-46-16.jpg,**Puma Rebound LayUp Low**  **Puma Smash **  Brand: Puma  Type: Casual/Basketball-inspired sneaker. 👞   Size :- `38 - 44` 👟  Contact us Phone 📞 :- +251927686868 Telegram 💬 :- @ClothCity_Chat  📍`አድራሻ: ቁጥር 1 መሃል ፒያሳ          ቁጥር 2 አራት ኪሎ          ቁጥር 3 ፍየል ቤት`
2025-07-05 18:34:37+00:00,downloads/2025-07/photo_2025-07-05_18-34-37.jpg,**Tracksuit**  Best for winter and summer cloth   Location :- ፍየል ቤት ከዮናስ ጨርጨር አጠገብ  Contact us Phone 📞 :- +251927686868 Telegram 💬 :- @ClothCity_Chat  📍አድራሻ: ቁጥር 1 መሃል ፒያሳ          ቁጥር 2 አራት ኪሎ          ቁጥር 3 ፍየል ቤት
2025-07-05 18:34:21+00:00,downloads/2025-07/photo_2025-07-05_18-34-21.jpg,**Tracksuit**  Best for winter and summer cloth   Location :- ፍየል ቤት ከዮናስ ጨርጨር አጠገብ  Contact us Phone 📞 :- +251927686868 Telegram 💬 :- @ClothCity_Chat  📍አድራሻ: ቁጥር 1 መሃል ፒያሳ          ቁጥር 2 አራት ኪሎ          ቁጥር 3 ፍየል ቤት
2025-07-05 18:33:45+00:00,downloads/2025-07/photo_2025-07-05_18-33-45.jpg,**Tracksuit**  Best for winter and summer cloth   Location :- ፍየል ቤት ከዮናስ ጨርጨር አጠገብ  Contact us Phone 📞 :- +251927686868 Telegram 💬 :- @ClothCity_Chat  📍አድራሻ: ቁጥር 1 መሃል ፒያሳ          ቁጥር 2 አራት ኪሎ          ቁጥር 3 ፍየል ቤት
2025-07-05 17:44:01+00:00,downloads/2025-07/photo_2025-07-05_17-44-01.jpg,**Tracksuit**  Best for winter and summer cloth   Location :- ፍየል ቤት ከዮናስ ጨርጨር አጠገብ  Contact us Phone 📞 :- +251927686868 Telegram 💬 :- @ClothCity_Chat  📍አድራሻ: ቁጥር 1 መሃል ፒያሳ          ቁጥር 2 አራት ኪሎ          ቁጥር 3 ፍየል ቤት
2025-07-04 00:00:15+00:00,downloads/2025-07/photo_2025-07-04_00-00-15.jpg,**Tracksuit**  Best for winter and summer cloth   Location :- ፍየል ቤት ከዮናስ ጨርጨር አጠገብ  Contact us Phone 📞 :- +251927686868 Telegram 💬 :- @ClothCity_Chat  📍አድራሻ: ቁጥር 1 መሃል ፒያሳ          ቁጥር 2 አራት ኪሎ          ቁጥር 3 ፍየል ቤት
2025-07-03 23:56:53+00:00,downloads/2025-07/photo_2025-07-03_23-56-53.jpg,T**racksuit**  Best for winter and summer cloth   Location :- ፍየል ቤት ከዮናስ ጨርጨር አጠገብ  Contact us Phone 📞 :- +251927686868 Telegram 💬 :- @ClothCity_Chat  📍አድራሻ: ቁጥር 1 መሃል ፒያሳ          ቁጥር 2 አራት ኪሎ          ቁጥር 3 ፍየል ቤት
2025-07-03 23:40:05+00:00,downloads/2025-07/photo_2025-07-03_23-40-05.jpg,T**racksuit**  Best for winter and summer cloth   Location :- ፍየል ቤት ከዮናስ ጨርጨር አጠገብ  Contact us Phone 📞 :- +251927686868 Telegram 💬 :- @ClothCity_Chat  📍አድራሻ: ቁጥር 1 መሃል ፒያሳ          ቁጥር 2 አራት ኪሎ          ቁጥር 3 ፍየል ቤት
2025-07-03 12:17:20+00:00,downloads/2025-07/photo_2025-07-03_12-17-20.jpg,**Loro Piana Baseball Hat ** Best for winter and summer cloth   Location :- ፍየል ቤት ከዮናስ ጨርጨር አጠገብ  Contact us Phone 📞 :- +251927686868 Telegram 💬 :- @ClothCity_Chat  📍አድራሻ: ቁጥር 1 መሃል ፒያሳ          ቁጥር 2 አራት ኪሎ          ቁጥር 3 ፍየል ቤት
2025-07-03 11:40:22+00:00,downloads/2025-07/photo_2025-07-03_11-40-22.jpg,**Baseball Hat ** Best for winter and summer cloth   Location :- ፍየል ቤት ከዮናስ ጨርጨር አጠገብ  Contact us Phone 📞 :- +251927686868 Telegram 💬 :- @ClothCity_Chat  📍አድራሻ: ቁጥር 1 መሃል ፒያሳ          ቁጥር 2 አራት ኪሎ          ቁጥር 3 ፍየል ቤት
2025-07-03 11:11:23+00:00,downloads/2025-07/photo_2025-07-03_11-11-23.jpg,**Loro Piana Baseball Hat ** Best for winter and summer cloth   Location :- ፍየል ቤት ከዮናስ ጨርጨር አጠገብ  Contact us Phone 📞 :- +251927686868 Telegram 💬 :- @ClothCity_Chat  📍አድራሻ: ቁጥር 1 መሃል ፒያሳ          ቁጥር 2 አራት ኪሎ          ቁጥር 3 ፍየል ቤት
2025-07-02 21:03:12+00:00,downloads/2025-07/photo_2025-07-02_21-03-12.jpg,**Modern Single-Breasted Beige Overcoat**  Best for winter and summer cloth   Location :- ፍየል ቤት ከዮናስ ጨርጨር አጠገብ  Contact us Phone 📞 :- +251927686868 Telegram 💬 :- @ClothCity_Chat  📍አድራሻ: ቁጥር 1 መሃል ፒያሳ          ቁጥር 2 አራት ኪሎ          ቁጥር 3 ፍየል ቤት
2025-06-26 08:12:05+00:00,downloads/2025-06/photo_2025-06-26_08-12-05.jpg,**tracksuit**  Best for winter and summer cloth   Location :- ፍየል ቤት ከዮናስ ጨርጨር አጠገብ  Contact us Phone 📞 :- +251927686868 Telegram 💬 :- @ClothCity_Chat  📍አድራሻ: ቁጥር 1 መሃል ፒያሳ          ቁጥር 2 አራት ኪሎ          ቁጥር 3 ፍየል ቤት
2025-06-23 18:27:51+00:00,downloads/2025-06/photo_2025-06-23_18-27-51.jpg,ሙሉ ቱታ    Best for winter and summer cloth   Location :- ፍየል ቤት ከዮናስ ጨርጨር አጠገብ  Contact us Phone 📞 :- +251927686868 Telegram 💬 :- @ClothCity_Chat  📍`አድራሻ: ቁጥር 1 መሃል ፒያሳ          ቁጥር 2 አራት ኪሎ          ቁጥር 3 ፍየል ቤት`
2025-06-19 05:00:17+00:00,downloads/2025-06/photo_2025-06-19_05-00-17.jpg,ሙሉ ቱታ    Best for winter and summer  Location :- ፍየል ቤት ከዮናስ ጨርጨር አጠገብ  Contact us Phone 📞 :- +251927686868 Telegram 💬 :- @ClothCity_Chat  📍`አድራሻ: ቁጥር 1 መሃል ፒያሳ          ቁጥር 2 አራት ኪሎ          ቁጥር 3 ፍየል ቤት`
2025-06-18 20:28:22+00:00,downloads/2025-06/photo_2025-06-18_20-28-22.jpg,No Caption
2025-06-18 20:28:22+00:00,downloads/2025-06/photo_2025-06-18_20-28-22 (1).jpg,**በሁለቱም በኩል  የሚለበስ ቦመር ጃኬት**  Best for winter and summer  Location :- ፍየል ቤት ከዮናስ ጨርጨር አጠገብ  Contact us Phone 📞 :- +251927686868 Telegram 💬 :- @ClothCity_Chat  📍`አድራሻ: ቁጥር 1 መሃል ፒያሳ          ቁጥር 2 አራት ኪሎ          ቁጥር 3 ፍየል ቤት`
2025-06-13 14:42:03+00:00,downloads/2025-06/photo_2025-06-13_14-42-03.jpg,**White** long-sleeve   Best for winter and summer  Location :- ፍየል ቤት ከዮናስ ጨርጨር አጠገብ  Contact us Phone 📞 :- +251927686868 Telegram 💬 :- @ClothCity_Chat  📍`አድራሻ: ቁጥር 1 መሃል ፒያሳ          ቁጥር 2 አራት ኪሎ          ቁጥር 3 ፍየል ቤት`
2025-06-11 17:44:42+00:00,downloads/2025-06/photo_2025-06-11_17-44-42.jpg,**FLANNEL SHIRT JACKET**  Best for winter and summer  Contact us Phone 📞 :- +251927686868 Telegram 💬 :- @ClothCity_Chat  📍`አድራሻ: ቁጥር 1 መሃል ፒያሳ          ቁጥር 2 አራት ኪሎ          ቁጥር 3 ፍየል ቤት`
2025-06-10 13:45:13+00:00,downloads/2025-06/photo_2025-06-10_13-45-13.jpg,**FLANNEL SHIRT JACKET**  Best for winter and summer  Contact us Phone 📞 :- +251927686868 Telegram 💬 :- @ClothCity_Chat  📍`አድራሻ: ቁጥር 1 መሃል ፒያሳ          ቁጥር 2 አራት ኪሎ          ቁጥር 3 ፍየል ቤት`
2025-06-06 05:34:58+00:00,downloads/2025-06/photo_2025-06-06_05-34-58.jpg,**Crocodile-Embossed Horsebit Loafer**  Brand: `Mr Walker`   designed for dressy and smart-casual settings 👞  Size :- `38 - 44` 👟  Contact us Phone 📞 :- +251927686868 Telegram 💬 :- @ClothCity_Chat  📍`አድራሻ: ቁጥር 1 መሃል ፒያሳ          ቁጥር 2 አራት ኪሎ          ቁጥር 3 ፍየል ቤት`
2025-06-05 05:30:12+00:00,downloads/2025-06/photo_2025-06-05_05-30-12.jpg,"**Porto Filo jacket and pants**  High quality original cloth   Brand:- Porto  Color :-  `White, Black, Gray  and Dusty Blue`  Contact us Phone 📞 :- +251927686868 Telegram 💬 :- @ClothCity_Chat  📍አድራሻ: ቁጥር 1 መሃል ፒያሳ          ቁጥር 2 አራት ኪሎ          ቁጥር 3 ፍየል ቤት"
2025-06-04 05:30:53+00:00,downloads/2025-06/photo_2025-06-04_05-30-53.jpg,Model: Rebound LayUp Lo  **Puma Smash **  Brand: Puma  Type: Casual/Basketball-inspired sneaker. 👞   Size :- `38 - 44` 👟  Contact us Phone 📞 :- +251927686868 Telegram 💬 :- @ClothCity_Chat  📍`አድራሻ: ቁጥር 1 መሃል ፒያሳ          ቁጥር 2 አራት ኪሎ          ቁጥር 3 ፍየል ቤት`
2025-06-03 06:20:16+00:00,downloads/2025-06/photo_2025-06-03_06-20-16.jpg,"**Puma Smash **  Brand: Puma  They pair well with jeans, joggers, or chinos and offer a clean, fresh aesthetic that works year-round. 👞  Size :- `38 - 44` 👟  Contact us Phone 📞 :- +251927686868 Telegram 💬 :- @ClothCity_Chat  📍`አድራሻ: ቁጥር 1 መሃል ፒያሳ          ቁጥር 2 አራት ኪሎ          ቁጥር 3 ፍየል ቤት`"
2025-05-15 20:40:49+00:00,downloads/2025-05/photo_2025-05-15_20-40-49.jpg,"B**rown leather wingtip brogue (Oxford-style) **   Perfect for formal events, office wear, or elevating your everyday look 👞  Contact us Phone 📞 :- +251927686868 Telegram 💬 :- @ClothCity_Chat  📍`አድራሻ: ቁጥር 1 መሃል ፒያሳ          ቁጥር 2 አራት ኪሎ          ቁጥር 3 ፍየል ቤት`"
2025-05-15 20:24:10+00:00,downloads/2025-05/photo_2025-05-15_20-24-10.jpg,"**Brown leather wingtip Oxford** ** ** Perfect for formal events, office wear, or elevating your everyday look 👞  Contact us Phone 📞 :- +251927686868 Telegram 💬 :- @ClothCity_Chat  📍`አድራሻ: ቁጥር 1 መሃል ፒያሳ          ቁጥር 2 አራት ኪሎ          ቁጥር 3 ፍየል ቤት`"
2025-05-15 20:15:00+00:00,downloads/2025-05/photo_2025-05-15_20-15-00.jpg,"**Sardinelli Oxfords ** Perfect for formal events, office wear, or elevating your everyday look 👞  Contact us Phone 📞 :- +251927686868 Telegram 💬 :- @ClothCity_Chat  📍አድራሻ: ቁጥር 1 መሃል ፒያሳ          ቁጥር 2 አራት ኪሎ          ቁጥር 3 ፍየል ቤት"
2025-05-01 10:29:00+00:00,downloads/2025-05/photo_2025-05-01_10-29-00.jpg,**High blue** **Quality Suit**  Size :- 48 -58   Contact us Phone 📞 :- +251927686868 Telegram 💬 :- @ClothCity_Chat  📍አድራሻ: ቁጥር 1 መሃል ፒያሳ          ቁጥር 2 አራት ኪሎ          ቁጥር 3 ፍየል ቤት
2025-05-01 10:28:50+00:00,downloads/2025-05/photo_2025-05-01_10-28-50.jpg,**High cream Quality Suit**  Size :- 48 - 58  Contact us Phone 📞 :- +251927686868 Telegram 💬 :- @ClothCity_Chat  📍አድራሻ: ቁጥር 1 መሃል ፒያሳ          ቁጥር 2 አራት ኪሎ          ቁጥር 3 ፍየል ቤት
2025-05-01 10:15:20+00:00,downloads/2025-05/photo_2025-05-01_10-15-20.jpg,**High brown Quality Suit**  Size :- 48 - 58  Contact us Phone 📞 :- +251927686868 Telegram 💬 :- @ClothCity_Chat  📍አድራሻ: ቁጥር 1 መሃል ፒያሳ          ቁጥር 2 አራት ኪሎ          ቁጥር 3 ፍየል ቤት
2025-05-01 10:13:28+00:00,downloads/2025-05/photo_2025-05-01_10-13-28.jpg,**High Green** ** Quality Suit**  Size :- 48 - 58  Contact us Phone 📞 :- +251927686868 Telegram 💬 :- @ClothCity_Chat  📍አድራሻ: ቁጥር 1 መሃል ፒያሳ          ቁጥር 2 አራት ኪሎ          ቁጥር 3 ፍየል ቤት
2025-04-21 09:20:26+00:00,downloads/2025-04/photo_2025-04-21_09-20-26.jpg,Lacoste Colorblock Tracksuit 🏃‍  Brand : Lacoste Type: Tracksuit (hoodie and sweatpants)  Contact us Phone 📞 :- +251927686868 Telegram 💬 :- @ClothCity_Chat  📍አድራሻ: ቁጥር 1 መሃል ፒያሳ          ቁጥር 2 አራት ኪሎ          ቁጥር 3 ፍየል ቤት
2025-04-19 13:43:33+00:00,downloads/2025-04/photo_2025-04-19_13-43-33.jpg,**Porto Filo jacket and pants**  High quality cloth  Brand:- Porto  Contact us Phone 📞 :- +251927686868 Telegram 💬 :- @ClothCity_Chat  📍አድራሻ: ቁጥር 1 መሃል ፒያሳ          ቁጥር 2 አራት ኪሎ          ቁጥር 3 ፍየል ቤት
2025-04-18 05:35:04+00:00,downloads/2025-04/photo_2025-04-18_05-35-04.jpg,No Caption
2025-04-18 05:35:04+00:00,downloads/2025-04/photo_2025-04-18_05-35-04 (1).jpg,"Oxford  Full-grain leather upper & Leather sole with rubber grip  Perfect for formal events, office wear, or elevating your everyday look 👞  Contact us Phone 📞 :- +251927686868 Telegram 💬 :- @ClothCity_Chat  📍አድራሻ: ቁጥር 1 መሃል ፒያሳ          ቁጥር 2 አራት ኪሎ          ቁጥር 3 ፍየል ቤት"
2025-04-17 10:02:33+00:00,downloads/2025-04/photo_2025-04-17_10-02-33.jpg,**lacoste tracksuits 🏃‍**  Brand : **lacoste** Type: **Tracksuit (hoodie and sweatpants)**  Contact us Phone 📞 :- +251927686868 Telegram 💬 :- @ClothCity_Chat  📍`አድራሻ: ቁጥር 1 መሃል ፒያሳ          ቁጥር 2 አራት ኪሎ          ቁጥር 3 ፍየል ቤት`
2025-04-17 06:04:59+00:00,downloads/2025-04/photo_2025-04-17_06-04-59.jpg,**lacoste tracksuits 🏃‍**  Brand : **lacoste** Type: **Tracksuit (hoodie and sweatpants)**  Contact us Phone 📞 :- +251927686868 Telegram 💬 :- @ClothCity_Chat  📍`አድራሻ: ቁጥር 1 መሃል ፒያሳ          ቁጥር 2 አራት ኪሎ          ቁጥር 3 ፍየል ቤት`
2025-04-16 17:59:53+00:00,downloads/2025-04/photo_2025-04-16_17-59-53.jpg,**lacoste tracksuits** 🏃‍  Brand : **lacoste** Type: Tracksuit (hoodie and sweatpants)  Contact us Phone 📞 :- +251927686868 Telegram 💬 :- @ClothCity_Chat  📍አድራሻ: ቁጥር 1 መሃል ፒያሳ          ቁጥር 2 አራት ኪሎ          ቁጥር 3 ፍየል ቤት
2025-04-16 17:58:31+00:00,downloads/2025-04/photo_2025-04-16_17-58-31.jpg,**Nike tracksuits 🏃‍**  Brand : **Nike** Type: **Tracksuit (hoodie and sweatpants)**  Contact us Phone 📞 :- +251927686868 Telegram 💬 :- @ClothCity_Chat  📍`አድራሻ: ቁጥር 1 መሃል ፒያሳ          ቁጥር 2 አራት ኪሎ          ቁጥር 3 ፍየል ቤት`
2025-04-15 13:15:15+00:00,downloads/2025-04/photo_2025-04-15_13-15-15.jpg,No Caption
2025-04-15 13:15:15+00:00,downloads/2025-04/photo_2025-04-15_13-15-15 (1).jpg,"**Handcrafted navy blue Brogue Oxford**  __Full-grain leather upper & Leather sole with rubber grip__  Perfect for formal events, office wear, or elevating your everyday look 👞  Contact us Phone 📞 :- +251927686868 Telegram 💬 :- @ClothCity_Chat  📍አድራሻ: ቁጥር 1 መሃል ፒያሳ          ቁጥር 2 አራት ኪሎ          ቁጥር 3 ፍየል ቤት"
2025-04-14 08:04:06+00:00,downloads/2025-04/photo_2025-04-14_08-04-06.jpg,**Adidas tracksuits 🏃‍**  Brand : **Adidas** Type: **Tracksuit (hoodie and sweatpants)**  Contact us Phone 📞 :- +251927686868 Telegram 💬 :- @ClothCity_Chat  📍`አድራሻ: ቁጥር 1 መሃል ፒያሳ          ቁጥር 2 አራት ኪሎ          ቁጥር 3 ፍየል ቤት`
2025-04-13 17:17:56+00:00,downloads/2025-04/photo_2026-03-24_22-19-39.jpg,No Caption
